<?xml version="1.0"?>
<annotation>
<folder>data</folder>
<filename>DJI_0012 0369.jpg</filename>
<path/>
<source>
<database>Unknown</database>
</source>
<size>
<width>480</width>
<height>270</height>
<depth>3</depth>
</size>
<segmented>0</segmented>
<object>
<name>RockwoolPallet</name>
<pose>Unspecified</pose>
<truncated>0</truncated>
<occluded>0</occluded>
<difficult>0</difficult>
<bndbox>
<xmin>213</xmin>
<ymin>98</ymin>
<xmax>221</xmax>
<ymax>110</ymax>
</bndbox>
<bndbox>
<xmin>216</xmin>
<ymin>95</ymin>
<xmax>224</xmax>
<ymax>107</ymax>
</bndbox>
</object>
</annotation>