<?xml version="1.0"?>
<annotation>
<folder>data</folder>
<filename>DJI_0011 0187.jpg</filename>
<path/>
<source>
<database>Unknown</database>
</source>
<size>
<width>480</width>
<height>270</height>
<depth>3</depth>
</size>
<segmented>0</segmented>
<object>
<name>RockwoolPallet</name>
<pose>Unspecified</pose>
<truncated>0</truncated>
<occluded>0</occluded>
<difficult>0</difficult>
<bndbox>
<xmin>225</xmin>
<ymin>47</ymin>
<xmax>246</xmax>
<ymax>87</ymax>
</bndbox>
<bndbox>
<xmin>245</xmin>
<ymin>67</ymin>
<xmax>268</xmax>
<ymax>107</ymax>
</bndbox>
</object>
</annotation>