<?xml version="1.0"?>
<annotation>
<folder>data</folder>
<filename>DJI_0012 0030.jpg</filename>
<path/>
<source>
<database>Unknown</database>
</source>
<size>
<width>480</width>
<height>270</height>
<depth>3</depth>
</size>
<segmented>0</segmented>
<object>
<name>RockwoolPallet</name>
<pose>Unspecified</pose>
<truncated>0</truncated>
<occluded>0</occluded>
<difficult>0</difficult>
<bndbox>
<xmin>240</xmin>
<ymin>167</ymin>
<xmax>278</xmax>
<ymax>237</ymax>
</bndbox>
<bndbox>
<xmin>221</xmin>
<ymin>0</ymin>
<xmax>242</xmax>
<ymax>34</ymax>
</bndbox>
</object>
</annotation>