<?xml version="1.0"?>
<annotation>
<folder>data</folder>
<filename>DJI_0012 0373.jpg</filename>
<path/>
<source>
<database>Unknown</database>
</source>
<size>
<width>480</width>
<height>270</height>
<depth>3</depth>
</size>
<segmented>0</segmented>
<object>
<name>RockwoolPallet</name>
<pose>Unspecified</pose>
<truncated>0</truncated>
<occluded>0</occluded>
<difficult>0</difficult>
<bndbox>
<xmin>205</xmin>
<ymin>94</ymin>
<xmax>211</xmax>
<ymax>106</ymax>
</bndbox>
<bndbox>
<xmin>201</xmin>
<ymin>95</ymin>
<xmax>207</xmax>
<ymax>106</ymax>
</bndbox>
</object>
</annotation>