<?xml version="1.0"?>
<annotation>
<folder>data</folder>
<filename>DJI_0012 0206.jpg</filename>
<path/>
<source>
<database>Unknown</database>
</source>
<size>
<width>480</width>
<height>270</height>
<depth>3</depth>
</size>
<segmented>0</segmented>
<object>
<name>RockwoolPallet</name>
<pose>Unspecified</pose>
<truncated>0</truncated>
<occluded>0</occluded>
<difficult>0</difficult>
<bndbox>
<xmin>173</xmin>
<ymin>36</ymin>
<xmax>199</xmax>
<ymax>69</ymax>
</bndbox>
<bndbox>
<xmin>183</xmin>
<ymin>45</ymin>
<xmax>214</xmax>
<ymax>94</ymax>
</bndbox>
</object>
</annotation>