<?xml version="1.0"?>
<annotation>
<folder>data</folder>
<filename>DJI_0011 0140.jpg</filename>
<path/>
<source>
<database>Unknown</database>
</source>
<size>
<width>480</width>
<height>270</height>
<depth>3</depth>
</size>
<segmented>0</segmented>
<object>
<name>RockwoolPallet</name>
<pose>Unspecified</pose>
<truncated>0</truncated>
<occluded>0</occluded>
<difficult>0</difficult>
<bndbox>
<xmin>45</xmin>
<ymin>62</ymin>
<xmax>104</xmax>
<ymax>116</ymax>
</bndbox>
<bndbox>
<xmin>-1</xmin>
<ymin>105</ymin>
<xmax>13</xmax>
<ymax>125</ymax>
</bndbox>
</object>
</annotation>