<?xml version="1.0"?>
<annotation>
<folder>data</folder>
<filename>DJI_0011 0177.jpg</filename>
<path/>
<source>
<database>Unknown</database>
</source>
<size>
<width>480</width>
<height>270</height>
<depth>3</depth>
</size>
<segmented>0</segmented>
<object>
<name>RockwoolPallet</name>
<pose>Unspecified</pose>
<truncated>0</truncated>
<occluded>0</occluded>
<difficult>0</difficult>
<bndbox>
<xmin>283</xmin>
<ymin>58</ymin>
<xmax>301</xmax>
<ymax>92</ymax>
</bndbox>
<bndbox>
<xmin>309</xmin>
<ymin>72</ymin>
<xmax>340</xmax>
<ymax>112</ymax>
</bndbox>
</object>
</annotation>