<?xml version="1.0"?>
<annotation>
<folder>data</folder>
<filename>DJI_0012 0036.jpg</filename>
<path/>
<source>
<database>Unknown</database>
</source>
<size>
<width>480</width>
<height>270</height>
<depth>3</depth>
</size>
<segmented>0</segmented>
<object>
<name>RockwoolPallet</name>
<pose>Unspecified</pose>
<truncated>0</truncated>
<occluded>0</occluded>
<difficult>0</difficult>
<bndbox>
<xmin>217</xmin>
<ymin>32</ymin>
<xmax>239</xmax>
<ymax>61</ymax>
</bndbox>
<bndbox>
<xmin>230</xmin>
<ymin>153</ymin>
<xmax>264</xmax>
<ymax>216</ymax>
</bndbox>
</object>
</annotation>