<?xml version="1.0"?>
<annotation>
<folder>data</folder>
<filename>DJI_0011 0104.jpg</filename>
<path/>
<source>
<database>Unknown</database>
</source>
<size>
<width>480</width>
<height>270</height>
<depth>3</depth>
</size>
<segmented>0</segmented>
<object>
<name>RockwoolPallet</name>
<pose>Unspecified</pose>
<truncated>0</truncated>
<occluded>0</occluded>
<difficult>0</difficult>
<bndbox>
<xmin>299</xmin>
<ymin>192</ymin>
<xmax>397</xmax>
<ymax>267</ymax>
</bndbox>
<bndbox>
<xmin>397</xmin>
<ymin>101</ymin>
<xmax>475</xmax>
<ymax>198</ymax>
</bndbox>
</object>
</annotation>