<?xml version="1.0"?>
<annotation>
<folder>data</folder>
<filename>DJI_0011 0083.jpg</filename>
<path/>
<source>
<database>Unknown</database>
</source>
<size>
<width>480</width>
<height>270</height>
<depth>3</depth>
</size>
<segmented>0</segmented>
<object>
<name>RockwoolPallet</name>
<pose>Unspecified</pose>
<truncated>0</truncated>
<occluded>0</occluded>
<difficult>0</difficult>
<bndbox>
<xmin>243</xmin>
<ymin>109</ymin>
<xmax>279</xmax>
<ymax>150</ymax>
</bndbox>
<bndbox>
<xmin>352</xmin>
<ymin>97</ymin>
<xmax>377</xmax>
<ymax>135</ymax>
</bndbox>
</object>
</annotation>