<?xml version="1.0"?>
<annotation>
<folder>data</folder>
<filename>DJI_0011 0101.jpg</filename>
<path/>
<source>
<database>Unknown</database>
</source>
<size>
<width>480</width>
<height>270</height>
<depth>3</depth>
</size>
<segmented>0</segmented>
<object>
<name>RockwoolPallet</name>
<pose>Unspecified</pose>
<truncated>0</truncated>
<occluded>0</occluded>
<difficult>0</difficult>
<bndbox>
<xmin>285</xmin>
<ymin>232</ymin>
<xmax>369</xmax>
<ymax>269</ymax>
</bndbox>
<bndbox>
<xmin>397</xmin>
<ymin>153</ymin>
<xmax>465</xmax>
<ymax>246</ymax>
</bndbox>
</object>
</annotation>