<?xml version="1.0"?>
<annotation>
<folder>data</folder>
<filename>DJI_0012 0186.jpg</filename>
<path/>
<source>
<database>Unknown</database>
</source>
<size>
<width>480</width>
<height>270</height>
<depth>3</depth>
</size>
<segmented>0</segmented>
<object>
<name>RockwoolPallet</name>
<pose>Unspecified</pose>
<truncated>0</truncated>
<occluded>0</occluded>
<difficult>0</difficult>
<bndbox>
<xmin>138</xmin>
<ymin>45</ymin>
<xmax>161</xmax>
<ymax>61</ymax>
</bndbox>
<bndbox>
<xmin>134</xmin>
<ymin>55</ymin>
<xmax>162</xmax>
<ymax>102</ymax>
</bndbox>
</object>
</annotation>