<?xml version="1.0"?>
<annotation>
<folder>data</folder>
<filename>DJI_0011 0151.jpg</filename>
<path/>
<source>
<database>Unknown</database>
</source>
<size>
<width>480</width>
<height>270</height>
<depth>3</depth>
</size>
<segmented>0</segmented>
<object>
<name>RockwoolPallet</name>
<pose>Unspecified</pose>
<truncated>0</truncated>
<occluded>0</occluded>
<difficult>0</difficult>
<bndbox>
<xmin>190</xmin>
<ymin>52</ymin>
<xmax>236</xmax>
<ymax>107</ymax>
</bndbox>
<bndbox>
<xmin>271</xmin>
<ymin>69</ymin>
<xmax>314</xmax>
<ymax>130</ymax>
</bndbox>
</object>
</annotation>