<?xml version="1.0"?>
<annotation>
<folder>data</folder>
<filename>DJI_0012 0109.jpg</filename>
<path/>
<source>
<database>Unknown</database>
</source>
<size>
<width>480</width>
<height>270</height>
<depth>3</depth>
</size>
<segmented>0</segmented>
<object>
<name>RockwoolPallet</name>
<pose>Unspecified</pose>
<truncated>0</truncated>
<occluded>0</occluded>
<difficult>0</difficult>
<bndbox>
<xmin>49</xmin>
<ymin>194</ymin>
<xmax>82</xmax>
<ymax>236</ymax>
</bndbox>
<bndbox>
<xmin>192</xmin>
<ymin>219</ymin>
<xmax>241</xmax>
<ymax>269</ymax>
</bndbox>
</object>
</annotation>