<?xml version="1.0"?>
<annotation>
<folder>data</folder>
<filename>DJI_0011 0015.jpg</filename>
<path/>
<source>
<database>Unknown</database>
</source>
<size>
<width>480</width>
<height>270</height>
<depth>3</depth>
</size>
<segmented>0</segmented>
<object>
<name>RockwoolPallet</name>
<pose>Unspecified</pose>
<truncated>0</truncated>
<occluded>0</occluded>
<difficult>0</difficult>
<bndbox>
<xmin>192</xmin>
<ymin>16</ymin>
<xmax>222</xmax>
<ymax>54</ymax>
</bndbox>
<bndbox>
<xmin>114</xmin>
<ymin>58</ymin>
<xmax>173</xmax>
<ymax>118</ymax>
</bndbox>
</object>
</annotation>