<?xml version="1.0"?>
<annotation>
<folder>data</folder>
<filename>DJI_0012 0119.jpg</filename>
<path/>
<source>
<database>Unknown</database>
</source>
<size>
<width>480</width>
<height>270</height>
<depth>3</depth>
</size>
<segmented>0</segmented>
<object>
<name>RockwoolPallet</name>
<pose>Unspecified</pose>
<truncated>0</truncated>
<occluded>0</occluded>
<difficult>0</difficult>
<bndbox>
<xmin>266</xmin>
<ymin>172</ymin>
<xmax>282</xmax>
<ymax>204</ymax>
</bndbox>
<bndbox>
<xmin>276</xmin>
<ymin>191</ymin>
<xmax>310</xmax>
<ymax>242</ymax>
</bndbox>
</object>
</annotation>