<?xml version="1.0"?>
<annotation>
<folder>data</folder>
<filename>DJI_0011 0074.jpg</filename>
<path/>
<source>
<database>Unknown</database>
</source>
<size>
<width>480</width>
<height>270</height>
<depth>3</depth>
</size>
<segmented>0</segmented>
<object>
<name>RockwoolPallet</name>
<pose>Unspecified</pose>
<truncated>0</truncated>
<occluded>0</occluded>
<difficult>0</difficult>
<bndbox>
<xmin>222</xmin>
<ymin>82</ymin>
<xmax>241</xmax>
<ymax>119</ymax>
</bndbox>
<bndbox>
<xmin>113</xmin>
<ymin>113</ymin>
<xmax>152</xmax>
<ymax>156</ymax>
</bndbox>
</object>
</annotation>