<?xml version="1.0"?>
<annotation>
<folder>data</folder>
<filename>DJI_0012 0184.jpg</filename>
<path/>
<source>
<database>Unknown</database>
</source>
<size>
<width>480</width>
<height>270</height>
<depth>3</depth>
</size>
<segmented>0</segmented>
<object>
<name>RockwoolPallet</name>
<pose>Unspecified</pose>
<truncated>0</truncated>
<occluded>0</occluded>
<difficult>0</difficult>
<bndbox>
<xmin>179</xmin>
<ymin>50</ymin>
<xmax>199</xmax>
<ymax>73</ymax>
</bndbox>
<bndbox>
<xmin>168</xmin>
<ymin>59</ymin>
<xmax>198</xmax>
<ymax>108</ymax>
</bndbox>
</object>
</annotation>