<?xml version="1.0"?>
<annotation>
<folder>data</folder>
<filename>DJI_0011 0077.jpg</filename>
<path/>
<source>
<database>Unknown</database>
</source>
<size>
<width>480</width>
<height>270</height>
<depth>3</depth>
</size>
<segmented>0</segmented>
<object>
<name>RockwoolPallet</name>
<pose>Unspecified</pose>
<truncated>0</truncated>
<occluded>0</occluded>
<difficult>0</difficult>
<bndbox>
<xmin>109</xmin>
<ymin>114</ymin>
<xmax>151</xmax>
<ymax>155</ymax>
</bndbox>
<bndbox>
<xmin>214</xmin>
<ymin>86</ymin>
<xmax>239</xmax>
<ymax>126</ymax>
</bndbox>
</object>
</annotation>