<?xml version="1.0"?>
<annotation>
<folder>data</folder>
<filename>DJI_0011 0194.jpg</filename>
<path/>
<source>
<database>Unknown</database>
</source>
<size>
<width>480</width>
<height>270</height>
<depth>3</depth>
</size>
<segmented>0</segmented>
<object>
<name>RockwoolPallet</name>
<pose>Unspecified</pose>
<truncated>0</truncated>
<occluded>0</occluded>
<difficult>0</difficult>
<bndbox>
<xmin>259</xmin>
<ymin>65</ymin>
<xmax>288</xmax>
<ymax>110</ymax>
</bndbox>
<bndbox>
<xmin>288</xmin>
<ymin>45</ymin>
<xmax>308</xmax>
<ymax>80</ymax>
</bndbox>
</object>
</annotation>