<?xml version="1.0"?>
<annotation>
<folder>data</folder>
<filename>DJI_0012 0045.jpg</filename>
<path/>
<source>
<database>Unknown</database>
</source>
<size>
<width>480</width>
<height>270</height>
<depth>3</depth>
</size>
<segmented>0</segmented>
<object>
<name>RockwoolPallet</name>
<pose>Unspecified</pose>
<truncated>0</truncated>
<occluded>0</occluded>
<difficult>0</difficult>
<bndbox>
<xmin>232</xmin>
<ymin>167</ymin>
<xmax>248</xmax>
<ymax>196</ymax>
</bndbox>
<bndbox>
<xmin>222</xmin>
<ymin>252</ymin>
<xmax>249</xmax>
<ymax>270</ymax>
</bndbox>
</object>
</annotation>