<?xml version="1.0"?>
<annotation>
<folder>data</folder>
<filename>DJI_0011 0058.jpg</filename>
<path/>
<source>
<database>Unknown</database>
</source>
<size>
<width>480</width>
<height>270</height>
<depth>3</depth>
</size>
<segmented>0</segmented>
<object>
<name>RockwoolPallet</name>
<pose>Unspecified</pose>
<truncated>0</truncated>
<occluded>0</occluded>
<difficult>0</difficult>
<bndbox>
<xmin>222</xmin>
<ymin>112</ymin>
<xmax>257</xmax>
<ymax>157</ymax>
</bndbox>
<bndbox>
<xmin>330</xmin>
<ymin>80</ymin>
<xmax>360</xmax>
<ymax>117</ymax>
</bndbox>
</object>
</annotation>