<?xml version="1.0"?>
<annotation>
<folder>data</folder>
<filename>DJI_0012 0202.jpg</filename>
<path/>
<source>
<database>Unknown</database>
</source>
<size>
<width>480</width>
<height>270</height>
<depth>3</depth>
</size>
<segmented>0</segmented>
<object>
<name>RockwoolPallet</name>
<pose>Unspecified</pose>
<truncated>0</truncated>
<occluded>0</occluded>
<difficult>0</difficult>
<bndbox>
<xmin>114</xmin>
<ymin>39</ymin>
<xmax>142</xmax>
<ymax>76</ymax>
</bndbox>
<bndbox>
<xmin>122</xmin>
<ymin>48</ymin>
<xmax>156</xmax>
<ymax>92</ymax>
</bndbox>
</object>
</annotation>