<?xml version="1.0"?>
<annotation>
<folder>data</folder>
<filename>DJI_0012 0180.jpg</filename>
<path/>
<source>
<database>Unknown</database>
</source>
<size>
<width>480</width>
<height>270</height>
<depth>3</depth>
</size>
<segmented>0</segmented>
<object>
<name>RockwoolPallet</name>
<pose>Unspecified</pose>
<truncated>0</truncated>
<occluded>0</occluded>
<difficult>0</difficult>
<bndbox>
<xmin>207</xmin>
<ymin>57</ymin>
<xmax>230</xmax>
<ymax>86</ymax>
</bndbox>
<bndbox>
<xmin>192</xmin>
<ymin>70</ymin>
<xmax>227</xmax>
<ymax>129</ymax>
</bndbox>
</object>
</annotation>