<?xml version="1.0"?>
<annotation>
<folder>data</folder>
<filename>DJI_0011 0085.jpg</filename>
<path/>
<source>
<database>Unknown</database>
</source>
<size>
<width>480</width>
<height>270</height>
<depth>3</depth>
</size>
<segmented>0</segmented>
<object>
<name>RockwoolPallet</name>
<pose>Unspecified</pose>
<truncated>0</truncated>
<occluded>0</occluded>
<difficult>0</difficult>
<bndbox>
<xmin>240</xmin>
<ymin>110</ymin>
<xmax>276</xmax>
<ymax>159</ymax>
</bndbox>
<bndbox>
<xmin>350</xmin>
<ymin>96</ymin>
<xmax>376</xmax>
<ymax>146</ymax>
</bndbox>
</object>
</annotation>