<?xml version="1.0"?>
<annotation>
<folder>data</folder>
<filename>DJI_0011 0071.jpg</filename>
<path/>
<source>
<database>Unknown</database>
</source>
<size>
<width>480</width>
<height>270</height>
<depth>3</depth>
</size>
<segmented>0</segmented>
<object>
<name>RockwoolPallet</name>
<pose>Unspecified</pose>
<truncated>0</truncated>
<occluded>0</occluded>
<difficult>0</difficult>
<bndbox>
<xmin>259</xmin>
<ymin>81</ymin>
<xmax>279</xmax>
<ymax>122</ymax>
</bndbox>
<bndbox>
<xmin>156</xmin>
<ymin>111</ymin>
<xmax>189</xmax>
<ymax>153</ymax>
</bndbox>
</object>
</annotation>