<?xml version="1.0"?>
<annotation>
<folder>data</folder>
<filename>DJI_0011 0216.jpg</filename>
<path/>
<source>
<database>Unknown</database>
</source>
<size>
<width>480</width>
<height>270</height>
<depth>3</depth>
</size>
<segmented>0</segmented>
<object>
<name>RockwoolPallet</name>
<pose>Unspecified</pose>
<truncated>0</truncated>
<occluded>0</occluded>
<difficult>0</difficult>
<bndbox>
<xmin>138</xmin>
<ymin>57</ymin>
<xmax>175</xmax>
<ymax>110</ymax>
</bndbox>
<bndbox>
<xmin>280</xmin>
<ymin>75</ymin>
<xmax>321</xmax>
<ymax>131</ymax>
</bndbox>
</object>
</annotation>