<?xml version="1.0"?>
<annotation>
<folder>data</folder>
<filename>DJI_0011 0044.jpg</filename>
<path/>
<source>
<database>Unknown</database>
</source>
<size>
<width>480</width>
<height>270</height>
<depth>3</depth>
</size>
<segmented>0</segmented>
<object>
<name>RockwoolPallet</name>
<pose>Unspecified</pose>
<truncated>0</truncated>
<occluded>0</occluded>
<difficult>0</difficult>
<bndbox>
<xmin>163</xmin>
<ymin>88</ymin>
<xmax>212</xmax>
<ymax>144</ymax>
</bndbox>
<bndbox>
<xmin>291</xmin>
<ymin>41</ymin>
<xmax>325</xmax>
<ymax>76</ymax>
</bndbox>
</object>
</annotation>