<?xml version="1.0"?>
<annotation>
<folder>data</folder>
<filename>DJI_0012 0185.jpg</filename>
<path/>
<source>
<database>Unknown</database>
</source>
<size>
<width>480</width>
<height>270</height>
<depth>3</depth>
</size>
<segmented>0</segmented>
<object>
<name>RockwoolPallet</name>
<pose>Unspecified</pose>
<truncated>0</truncated>
<occluded>0</occluded>
<difficult>0</difficult>
<bndbox>
<xmin>147</xmin>
<ymin>46</ymin>
<xmax>169</xmax>
<ymax>63</ymax>
</bndbox>
<bndbox>
<xmin>138</xmin>
<ymin>56</ymin>
<xmax>171</xmax>
<ymax>105</ymax>
</bndbox>
</object>
</annotation>