<?xml version="1.0"?>
<annotation>
<folder>data</folder>
<filename>DJI_0011 0097.jpg</filename>
<path/>
<source>
<database>Unknown</database>
</source>
<size>
<width>480</width>
<height>270</height>
<depth>3</depth>
</size>
<segmented>0</segmented>
<object>
<name>RockwoolPallet</name>
<pose>Unspecified</pose>
<truncated>0</truncated>
<occluded>0</occluded>
<difficult>0</difficult>
<bndbox>
<xmin>255</xmin>
<ymin>240</ymin>
<xmax>316</xmax>
<ymax>270</ymax>
</bndbox>
<bndbox>
<xmin>390</xmin>
<ymin>174</ymin>
<xmax>440</xmax>
<ymax>255</ymax>
</bndbox>
</object>
</annotation>