<?xml version="1.0"?>
<annotation>
<folder>data</folder>
<filename>DJI_0011 0019.jpg</filename>
<path/>
<source>
<database>Unknown</database>
</source>
<size>
<width>480</width>
<height>270</height>
<depth>3</depth>
</size>
<segmented>0</segmented>
<object>
<name>RockwoolPallet</name>
<pose>Unspecified</pose>
<truncated>0</truncated>
<occluded>0</occluded>
<difficult>0</difficult>
<bndbox>
<xmin>116</xmin>
<ymin>64</ymin>
<xmax>175</xmax>
<ymax>127</ymax>
</bndbox>
<bndbox>
<xmin>195</xmin>
<ymin>20</ymin>
<xmax>221</xmax>
<ymax>53</ymax>
</bndbox>
</object>
</annotation>