<?xml version="1.0"?>
<annotation>
<folder>data</folder>
<filename>DJI_0011 0089.jpg</filename>
<path/>
<source>
<database>Unknown</database>
</source>
<size>
<width>480</width>
<height>270</height>
<depth>3</depth>
</size>
<segmented>0</segmented>
<object>
<name>RockwoolPallet</name>
<pose>Unspecified</pose>
<truncated>0</truncated>
<occluded>0</occluded>
<difficult>0</difficult>
<bndbox>
<xmin>229</xmin>
<ymin>134</ymin>
<xmax>269</xmax>
<ymax>188</ymax>
</bndbox>
<bndbox>
<xmin>353</xmin>
<ymin>114</ymin>
<xmax>384</xmax>
<ymax>165</ymax>
</bndbox>
</object>
</annotation>