<?xml version="1.0"?>
<annotation>
<folder>data</folder>
<filename>DJI_0012 0168.jpg</filename>
<path/>
<source>
<database>Unknown</database>
</source>
<size>
<width>480</width>
<height>270</height>
<depth>3</depth>
</size>
<segmented>0</segmented>
<object>
<name>RockwoolPallet</name>
<pose>Unspecified</pose>
<truncated>0</truncated>
<occluded>0</occluded>
<difficult>0</difficult>
<bndbox>
<xmin>405</xmin>
<ymin>201</ymin>
<xmax>441</xmax>
<ymax>273</ymax>
</bndbox>
<bndbox>
<xmin>379</xmin>
<ymin>222</ymin>
<xmax>418</xmax>
<ymax>270</ymax>
</bndbox>
</object>
</annotation>