<?xml version="1.0"?>
<annotation>
<folder>data</folder>
<filename>DJI_0012 0176.jpg</filename>
<path/>
<source>
<database>Unknown</database>
</source>
<size>
<width>480</width>
<height>270</height>
<depth>3</depth>
</size>
<segmented>0</segmented>
<object>
<name>RockwoolPallet</name>
<pose>Unspecified</pose>
<truncated>0</truncated>
<occluded>0</occluded>
<difficult>0</difficult>
<bndbox>
<xmin>212</xmin>
<ymin>83</ymin>
<xmax>237</xmax>
<ymax>117</ymax>
</bndbox>
<bndbox>
<xmin>202</xmin>
<ymin>97</ymin>
<xmax>234</xmax>
<ymax>151</ymax>
</bndbox>
</object>
</annotation>