<?xml version="1.0"?>
<annotation>
<folder>data</folder>
<filename>DJI_0012 0135.jpg</filename>
<path/>
<source>
<database>Unknown</database>
</source>
<size>
<width>480</width>
<height>270</height>
<depth>3</depth>
</size>
<segmented>0</segmented>
<object>
<name>RockwoolPallet</name>
<pose>Unspecified</pose>
<truncated>0</truncated>
<occluded>0</occluded>
<difficult>0</difficult>
<bndbox>
<xmin>296</xmin>
<ymin>158</ymin>
<xmax>314</xmax>
<ymax>187</ymax>
</bndbox>
<bndbox>
<xmin>274</xmin>
<ymin>164</ymin>
<xmax>296</xmax>
<ymax>198</ymax>
</bndbox>
</object>
</annotation>