<?xml version="1.0"?>
<annotation>
<folder>data</folder>
<filename>DJI_0012 0126.jpg</filename>
<path/>
<source>
<database>Unknown</database>
</source>
<size>
<width>480</width>
<height>270</height>
<depth>3</depth>
</size>
<segmented>0</segmented>
<object>
<name>RockwoolPallet</name>
<pose>Unspecified</pose>
<truncated>0</truncated>
<occluded>0</occluded>
<difficult>0</difficult>
<bndbox>
<xmin>260</xmin>
<ymin>158</ymin>
<xmax>277</xmax>
<ymax>185</ymax>
</bndbox>
<bndbox>
<xmin>247</xmin>
<ymin>166</ymin>
<xmax>272</xmax>
<ymax>205</ymax>
</bndbox>
</object>
</annotation>