<?xml version="1.0"?>
<annotation>
<folder>data</folder>
<filename>DJI_0012 0025.jpg</filename>
<path/>
<source>
<database>Unknown</database>
</source>
<size>
<width>480</width>
<height>270</height>
<depth>3</depth>
</size>
<segmented>0</segmented>
<object>
<name>RockwoolPallet</name>
<pose>Unspecified</pose>
<truncated>0</truncated>
<occluded>0</occluded>
<difficult>0</difficult>
<bndbox>
<xmin>232</xmin>
<ymin>6</ymin>
<xmax>256</xmax>
<ymax>41</ymax>
</bndbox>
<bndbox>
<xmin>255</xmin>
<ymin>246</ymin>
<xmax>292</xmax>
<ymax>271</ymax>
</bndbox>
</object>
</annotation>