<?xml version="1.0"?>
<annotation>
<folder>data</folder>
<filename>DJI_0011 0042.jpg</filename>
<path/>
<source>
<database>Unknown</database>
</source>
<size>
<width>480</width>
<height>270</height>
<depth>3</depth>
</size>
<segmented>0</segmented>
<object>
<name>RockwoolPallet</name>
<pose>Unspecified</pose>
<truncated>0</truncated>
<occluded>0</occluded>
<difficult>0</difficult>
<bndbox>
<xmin>165</xmin>
<ymin>86</ymin>
<xmax>210</xmax>
<ymax>141</ymax>
</bndbox>
<bndbox>
<xmin>288</xmin>
<ymin>39</ymin>
<xmax>318</xmax>
<ymax>71</ymax>
</bndbox>
</object>
</annotation>