<?xml version="1.0"?>
<annotation>
<folder>data</folder>
<filename>DJI_0011 0162.jpg</filename>
<path/>
<source>
<database>Unknown</database>
</source>
<size>
<width>480</width>
<height>270</height>
<depth>3</depth>
</size>
<segmented>0</segmented>
<object>
<name>RockwoolPallet</name>
<pose>Unspecified</pose>
<truncated>0</truncated>
<occluded>0</occluded>
<difficult>0</difficult>
<bndbox>
<xmin>81</xmin>
<ymin>40</ymin>
<xmax>127</xmax>
<ymax>107</ymax>
</bndbox>
<bndbox>
<xmin>120</xmin>
<ymin>71</ymin>
<xmax>176</xmax>
<ymax>143</ymax>
</bndbox>
</object>
</annotation>