<?xml version="1.0"?>
<annotation>
<folder>data</folder>
<filename>DJI_0011 0075.jpg</filename>
<path/>
<source>
<database>Unknown</database>
</source>
<size>
<width>480</width>
<height>270</height>
<depth>3</depth>
</size>
<segmented>0</segmented>
<object>
<name>RockwoolPallet</name>
<pose>Unspecified</pose>
<truncated>0</truncated>
<occluded>0</occluded>
<difficult>0</difficult>
<bndbox>
<xmin>101</xmin>
<ymin>116</ymin>
<xmax>144</xmax>
<ymax>161</ymax>
</bndbox>
<bndbox>
<xmin>211</xmin>
<ymin>89</ymin>
<xmax>232</xmax>
<ymax>126</ymax>
</bndbox>
</object>
</annotation>