<?xml version="1.0"?>
<annotation>
<folder>data</folder>
<filename>DJI_0011 0102.jpg</filename>
<path/>
<source>
<database>Unknown</database>
</source>
<size>
<width>480</width>
<height>270</height>
<depth>3</depth>
</size>
<segmented>0</segmented>
<object>
<name>RockwoolPallet</name>
<pose>Unspecified</pose>
<truncated>0</truncated>
<occluded>0</occluded>
<difficult>0</difficult>
<bndbox>
<xmin>287</xmin>
<ymin>219</ymin>
<xmax>379</xmax>
<ymax>269</ymax>
</bndbox>
<bndbox>
<xmin>396</xmin>
<ymin>134</ymin>
<xmax>467</xmax>
<ymax>224</ymax>
</bndbox>
</object>
</annotation>