<?xml version="1.0"?>
<annotation>
<folder>data</folder>
<filename>DJI_0011 0167.jpg</filename>
<path/>
<source>
<database>Unknown</database>
</source>
<size>
<width>480</width>
<height>270</height>
<depth>3</depth>
</size>
<segmented>0</segmented>
<object>
<name>RockwoolPallet</name>
<pose>Unspecified</pose>
<truncated>0</truncated>
<occluded>0</occluded>
<difficult>0</difficult>
<bndbox>
<xmin>298</xmin>
<ymin>12</ymin>
<xmax>323</xmax>
<ymax>61</ymax>
</bndbox>
<bndbox>
<xmin>320</xmin>
<ymin>35</ymin>
<xmax>357</xmax>
<ymax>90</ymax>
</bndbox>
</object>
</annotation>