<?xml version="1.0"?>
<annotation>
<folder>data</folder>
<filename>DJI_0011 0223.jpg</filename>
<path/>
<source>
<database>Unknown</database>
</source>
<size>
<width>480</width>
<height>270</height>
<depth>3</depth>
</size>
<segmented>0</segmented>
<object>
<name>RockwoolPallet</name>
<pose>Unspecified</pose>
<truncated>0</truncated>
<occluded>0</occluded>
<difficult>0</difficult>
<bndbox>
<xmin>137</xmin>
<ymin>94</ymin>
<xmax>171</xmax>
<ymax>141</ymax>
</bndbox>
<bndbox>
<xmin>290</xmin>
<ymin>132</ymin>
<xmax>329</xmax>
<ymax>181</ymax>
</bndbox>
</object>
</annotation>