<?xml version="1.0"?>
<annotation>
<folder>data</folder>
<filename>DJI_0011 0159.jpg</filename>
<path/>
<source>
<database>Unknown</database>
</source>
<size>
<width>480</width>
<height>270</height>
<depth>3</depth>
</size>
<segmented>0</segmented>
<object>
<name>RockwoolPallet</name>
<pose>Unspecified</pose>
<truncated>0</truncated>
<occluded>0</occluded>
<difficult>0</difficult>
<bndbox>
<xmin>50</xmin>
<ymin>70</ymin>
<xmax>111</xmax>
<ymax>139</ymax>
</bndbox>
<bndbox>
<xmin>113</xmin>
<ymin>100</ymin>
<xmax>178</xmax>
<ymax>180</ymax>
</bndbox>
</object>
</annotation>