<?xml version="1.0"?>
<annotation>
<folder>data</folder>
<filename>DJI_0011 0225.jpg</filename>
<path/>
<source>
<database>Unknown</database>
</source>
<size>
<width>480</width>
<height>270</height>
<depth>3</depth>
</size>
<segmented>0</segmented>
<object>
<name>RockwoolPallet</name>
<pose>Unspecified</pose>
<truncated>0</truncated>
<occluded>0</occluded>
<difficult>0</difficult>
<bndbox>
<xmin>124</xmin>
<ymin>107</ymin>
<xmax>163</xmax>
<ymax>154</ymax>
</bndbox>
<bndbox>
<xmin>293</xmin>
<ymin>154</ymin>
<xmax>335</xmax>
<ymax>201</ymax>
</bndbox>
</object>
</annotation>