<?xml version="1.0"?>
<annotation>
<folder>data</folder>
<filename>DJI_0011 0157.jpg</filename>
<path/>
<source>
<database>Unknown</database>
</source>
<size>
<width>480</width>
<height>270</height>
<depth>3</depth>
</size>
<segmented>0</segmented>
<object>
<name>RockwoolPallet</name>
<pose>Unspecified</pose>
<truncated>0</truncated>
<occluded>0</occluded>
<difficult>0</difficult>
<bndbox>
<xmin>136</xmin>
<ymin>66</ymin>
<xmax>190</xmax>
<ymax>127</ymax>
</bndbox>
<bndbox>
<xmin>210</xmin>
<ymin>94</ymin>
<xmax>263</xmax>
<ymax>167</ymax>
</bndbox>
</object>
</annotation>