<?xml version="1.0"?>
<annotation>
<folder>data</folder>
<filename>DJI_0012 0207.jpg</filename>
<path/>
<source>
<database>Unknown</database>
</source>
<size>
<width>480</width>
<height>270</height>
<depth>3</depth>
</size>
<segmented>0</segmented>
<object>
<name>RockwoolPallet</name>
<pose>Unspecified</pose>
<truncated>0</truncated>
<occluded>0</occluded>
<difficult>0</difficult>
<bndbox>
<xmin>178</xmin>
<ymin>35</ymin>
<xmax>206</xmax>
<ymax>76</ymax>
</bndbox>
<bndbox>
<xmin>189</xmin>
<ymin>45</ymin>
<xmax>222</xmax>
<ymax>90</ymax>
</bndbox>
</object>
</annotation>