<?xml version="1.0"?>
<annotation>
<folder>data</folder>
<filename>DJI_0012 0401.jpg</filename>
<path/>
<source>
<database>Unknown</database>
</source>
<size>
<width>480</width>
<height>270</height>
<depth>3</depth>
</size>
<segmented>0</segmented>
<object>
<name>RockwoolPallet</name>
<pose>Unspecified</pose>
<truncated>0</truncated>
<occluded>0</occluded>
<difficult>0</difficult>
<bndbox>
<xmin>247</xmin>
<ymin>88</ymin>
<xmax>255</xmax>
<ymax>97</ymax>
</bndbox>
<bndbox>
<xmin>241</xmin>
<ymin>86</ymin>
<xmax>247</xmax>
<ymax>98</ymax>
</bndbox>
</object>
</annotation>