<?xml version="1.0"?>
<annotation>
<folder>data</folder>
<filename>DJI_0011 0050.jpg</filename>
<path/>
<source>
<database>Unknown</database>
</source>
<size>
<width>480</width>
<height>270</height>
<depth>3</depth>
</size>
<segmented>0</segmented>
<object>
<name>RockwoolPallet</name>
<pose>Unspecified</pose>
<truncated>0</truncated>
<occluded>0</occluded>
<difficult>0</difficult>
<bndbox>
<xmin>131</xmin>
<ymin>112</ymin>
<xmax>179</xmax>
<ymax>163</ymax>
</bndbox>
<bndbox>
<xmin>259</xmin>
<ymin>57</ymin>
<xmax>287</xmax>
<ymax>98</ymax>
</bndbox>
</object>
</annotation>