<?xml version="1.0"?>
<annotation>
<folder>data</folder>
<filename>DJI_0012 0379.jpg</filename>
<path/>
<source>
<database>Unknown</database>
</source>
<size>
<width>480</width>
<height>270</height>
<depth>3</depth>
</size>
<segmented>0</segmented>
<object>
<name>RockwoolPallet</name>
<pose>Unspecified</pose>
<truncated>0</truncated>
<occluded>0</occluded>
<difficult>0</difficult>
<bndbox>
<xmin>218</xmin>
<ymin>92</ymin>
<xmax>224</xmax>
<ymax>103</ymax>
</bndbox>
<bndbox>
<xmin>214</xmin>
<ymin>93</ymin>
<xmax>220</xmax>
<ymax>105</ymax>
</bndbox>
</object>
</annotation>