<?xml version="1.0"?>
<annotation>
<folder>data</folder>
<filename>DJI_0012 0074.jpg</filename>
<path/>
<source>
<database>Unknown</database>
</source>
<size>
<width>480</width>
<height>270</height>
<depth>3</depth>
</size>
<segmented>0</segmented>
<object>
<name>RockwoolPallet</name>
<pose>Unspecified</pose>
<truncated>0</truncated>
<occluded>0</occluded>
<difficult>0</difficult>
<bndbox>
<xmin>274</xmin>
<ymin>159</ymin>
<xmax>297</xmax>
<ymax>188</ymax>
</bndbox>
<bndbox>
<xmin>10</xmin>
<ymin>252</ymin>
<xmax>61</xmax>
<ymax>267</ymax>
</bndbox>
</object>
</annotation>