<?xml version="1.0"?>
<annotation>
<folder>data</folder>
<filename>DJI_0012 0096.jpg</filename>
<path/>
<source>
<database>Unknown</database>
</source>
<size>
<width>480</width>
<height>270</height>
<depth>3</depth>
</size>
<segmented>0</segmented>
<object>
<name>RockwoolPallet</name>
<pose>Unspecified</pose>
<truncated>0</truncated>
<occluded>0</occluded>
<difficult>0</difficult>
<bndbox>
<xmin>375</xmin>
<ymin>209</ymin>
<xmax>414</xmax>
<ymax>260</ymax>
</bndbox>
<bndbox>
<xmin>84</xmin>
<ymin>198</ymin>
<xmax>121</xmax>
<ymax>244</ymax>
</bndbox>
</object>
</annotation>