<?xml version="1.0"?>
<annotation>
<folder>data</folder>
<filename>DJI_0011 0168.jpg</filename>
<path/>
<source>
<database>Unknown</database>
</source>
<size>
<width>480</width>
<height>270</height>
<depth>3</depth>
</size>
<segmented>0</segmented>
<object>
<name>RockwoolPallet</name>
<pose>Unspecified</pose>
<truncated>0</truncated>
<occluded>0</occluded>
<difficult>0</difficult>
<bndbox>
<xmin>306</xmin>
<ymin>8</ymin>
<xmax>332</xmax>
<ymax>56</ymax>
</bndbox>
<bndbox>
<xmin>325</xmin>
<ymin>30</ymin>
<xmax>367</xmax>
<ymax>84</ymax>
</bndbox>
</object>
</annotation>