<?xml version="1.0"?>
<annotation>
<folder>data</folder>
<filename>DJI_0012 0156.jpg</filename>
<path/>
<source>
<database>Unknown</database>
</source>
<size>
<width>480</width>
<height>270</height>
<depth>3</depth>
</size>
<segmented>0</segmented>
<object>
<name>RockwoolPallet</name>
<pose>Unspecified</pose>
<truncated>0</truncated>
<occluded>0</occluded>
<difficult>0</difficult>
<bndbox>
<xmin>373</xmin>
<ymin>195</ymin>
<xmax>411</xmax>
<ymax>247</ymax>
</bndbox>
<bndbox>
<xmin>333</xmin>
<ymin>195</ymin>
<xmax>370</xmax>
<ymax>257</ymax>
</bndbox>
</object>
</annotation>