<?xml version="1.0"?>
<annotation>
<folder>data</folder>
<filename>DJI_0011 0107.jpg</filename>
<path/>
<source>
<database>Unknown</database>
</source>
<size>
<width>480</width>
<height>270</height>
<depth>3</depth>
</size>
<segmented>0</segmented>
<object>
<name>RockwoolPallet</name>
<pose>Unspecified</pose>
<truncated>0</truncated>
<occluded>0</occluded>
<difficult>0</difficult>
<bndbox>
<xmin>410</xmin>
<ymin>141</ymin>
<xmax>479</xmax>
<ymax>250</ymax>
</bndbox>
<bndbox>
<xmin>367</xmin>
<ymin>254</ymin>
<xmax>431</xmax>
<ymax>269</ymax>
</bndbox>
</object>
</annotation>