<?xml version="1.0"?>
<annotation>
<folder>data</folder>
<filename>DJI_0012 0159.jpg</filename>
<path/>
<source>
<database>Unknown</database>
</source>
<size>
<width>480</width>
<height>270</height>
<depth>3</depth>
</size>
<segmented>0</segmented>
<object>
<name>RockwoolPallet</name>
<pose>Unspecified</pose>
<truncated>0</truncated>
<occluded>0</occluded>
<difficult>0</difficult>
<bndbox>
<xmin>427</xmin>
<ymin>214</ymin>
<xmax>478</xmax>
<ymax>270</ymax>
</bndbox>
<bndbox>
<xmin>377</xmin>
<ymin>219</ymin>
<xmax>426</xmax>
<ymax>271</ymax>
</bndbox>
</object>
</annotation>