<?xml version="1.0"?>
<annotation>
<folder>data</folder>
<filename>DJI_0011 0017.jpg</filename>
<path/>
<source>
<database>Unknown</database>
</source>
<size>
<width>480</width>
<height>270</height>
<depth>3</depth>
</size>
<segmented>0</segmented>
<object>
<name>RockwoolPallet</name>
<pose>Unspecified</pose>
<truncated>0</truncated>
<occluded>0</occluded>
<difficult>0</difficult>
<bndbox>
<xmin>116</xmin>
<ymin>63</ymin>
<xmax>172</xmax>
<ymax>124</ymax>
</bndbox>
<bndbox>
<xmin>189</xmin>
<ymin>18</ymin>
<xmax>222</xmax>
<ymax>56</ymax>
</bndbox>
</object>
</annotation>