<?xml version="1.0"?>
<annotation>
<folder>data</folder>
<filename>DJI_0012 0054.jpg</filename>
<path/>
<source>
<database>Unknown</database>
</source>
<size>
<width>480</width>
<height>270</height>
<depth>3</depth>
</size>
<segmented>0</segmented>
<object>
<name>RockwoolPallet</name>
<pose>Unspecified</pose>
<truncated>0</truncated>
<occluded>0</occluded>
<difficult>0</difficult>
<bndbox>
<xmin>254</xmin>
<ymin>156</ymin>
<xmax>273</xmax>
<ymax>181</ymax>
</bndbox>
<bndbox>
<xmin>194</xmin>
<ymin>230</ymin>
<xmax>227</xmax>
<ymax>270</ymax>
</bndbox>
</object>
</annotation>