<?xml version="1.0"?>
<annotation>
<folder>data</folder>
<filename>DJI_0011 0052.jpg</filename>
<path/>
<source>
<database>Unknown</database>
</source>
<size>
<width>480</width>
<height>270</height>
<depth>3</depth>
</size>
<segmented>0</segmented>
<object>
<name>RockwoolPallet</name>
<pose>Unspecified</pose>
<truncated>0</truncated>
<occluded>0</occluded>
<difficult>0</difficult>
<bndbox>
<xmin>120</xmin>
<ymin>117</ymin>
<xmax>171</xmax>
<ymax>168</ymax>
</bndbox>
<bndbox>
<xmin>248</xmin>
<ymin>67</ymin>
<xmax>271</xmax>
<ymax>100</ymax>
</bndbox>
</object>
</annotation>