<?xml version="1.0"?>
<annotation>
<folder>data</folder>
<filename>DJI_0012 0178.jpg</filename>
<path/>
<source>
<database>Unknown</database>
</source>
<size>
<width>480</width>
<height>270</height>
<depth>3</depth>
</size>
<segmented>0</segmented>
<object>
<name>RockwoolPallet</name>
<pose>Unspecified</pose>
<truncated>0</truncated>
<occluded>0</occluded>
<difficult>0</difficult>
<bndbox>
<xmin>207</xmin>
<ymin>59</ymin>
<xmax>233</xmax>
<ymax>83</ymax>
</bndbox>
<bndbox>
<xmin>197</xmin>
<ymin>75</ymin>
<xmax>229</xmax>
<ymax>129</ymax>
</bndbox>
</object>
</annotation>