<?xml version="1.0"?>
<annotation>
<folder>data</folder>
<filename>DJI_0011 0036.jpg</filename>
<path/>
<source>
<database>Unknown</database>
</source>
<size>
<width>480</width>
<height>270</height>
<depth>3</depth>
</size>
<segmented>0</segmented>
<object>
<name>RockwoolPallet</name>
<pose>Unspecified</pose>
<truncated>0</truncated>
<occluded>0</occluded>
<difficult>0</difficult>
<bndbox>
<xmin>171</xmin>
<ymin>82</ymin>
<xmax>222</xmax>
<ymax>146</ymax>
</bndbox>
<bndbox>
<xmin>273</xmin>
<ymin>35</ymin>
<xmax>301</xmax>
<ymax>68</ymax>
</bndbox>
</object>
</annotation>