<?xml version="1.0"?>
<annotation>
<folder>data</folder>
<filename>DJI_0011 0084.jpg</filename>
<path/>
<source>
<database>Unknown</database>
</source>
<size>
<width>480</width>
<height>270</height>
<depth>3</depth>
</size>
<segmented>0</segmented>
<object>
<name>RockwoolPallet</name>
<pose>Unspecified</pose>
<truncated>0</truncated>
<occluded>0</occluded>
<difficult>0</difficult>
<bndbox>
<xmin>237</xmin>
<ymin>107</ymin>
<xmax>274</xmax>
<ymax>153</ymax>
</bndbox>
<bndbox>
<xmin>352</xmin>
<ymin>99</ymin>
<xmax>375</xmax>
<ymax>137</ymax>
</bndbox>
</object>
</annotation>