<?xml version="1.0"?>
<annotation>
<folder>data</folder>
<filename>DJI_0011 0227.jpg</filename>
<path/>
<source>
<database>Unknown</database>
</source>
<size>
<width>480</width>
<height>270</height>
<depth>3</depth>
</size>
<segmented>0</segmented>
<object>
<name>RockwoolPallet</name>
<pose>Unspecified</pose>
<truncated>0</truncated>
<occluded>0</occluded>
<difficult>0</difficult>
<bndbox>
<xmin>105</xmin>
<ymin>132</ymin>
<xmax>144</xmax>
<ymax>183</ymax>
</bndbox>
<bndbox>
<xmin>297</xmin>
<ymin>193</ymin>
<xmax>346</xmax>
<ymax>247</ymax>
</bndbox>
</object>
</annotation>