<?xml version="1.0"?>
<annotation>
<folder>data</folder>
<filename>DJI_0011 0067.jpg</filename>
<path/>
<source>
<database>Unknown</database>
</source>
<size>
<width>480</width>
<height>270</height>
<depth>3</depth>
</size>
<segmented>0</segmented>
<object>
<name>RockwoolPallet</name>
<pose>Unspecified</pose>
<truncated>0</truncated>
<occluded>0</occluded>
<difficult>0</difficult>
<bndbox>
<xmin>309</xmin>
<ymin>81</ymin>
<xmax>331</xmax>
<ymax>120</ymax>
</bndbox>
<bndbox>
<xmin>216</xmin>
<ymin>109</ymin>
<xmax>245</xmax>
<ymax>154</ymax>
</bndbox>
</object>
</annotation>