<?xml version="1.0"?>
<annotation>
<folder>data</folder>
<filename>DJI_0011 0181.jpg</filename>
<path/>
<source>
<database>Unknown</database>
</source>
<size>
<width>480</width>
<height>270</height>
<depth>3</depth>
</size>
<segmented>0</segmented>
<object>
<name>RockwoolPallet</name>
<pose>Unspecified</pose>
<truncated>0</truncated>
<occluded>0</occluded>
<difficult>0</difficult>
<bndbox>
<xmin>235</xmin>
<ymin>51</ymin>
<xmax>252</xmax>
<ymax>90</ymax>
</bndbox>
<bndbox>
<xmin>262</xmin>
<ymin>65</ymin>
<xmax>291</xmax>
<ymax>102</ymax>
</bndbox>
</object>
</annotation>