<?xml version="1.0"?>
<annotation>
<folder>data</folder>
<filename>DJI_0012 0027.jpg</filename>
<path/>
<source>
<database>Unknown</database>
</source>
<size>
<width>480</width>
<height>270</height>
<depth>3</depth>
</size>
<segmented>0</segmented>
<object>
<name>RockwoolPallet</name>
<pose>Unspecified</pose>
<truncated>0</truncated>
<occluded>0</occluded>
<difficult>0</difficult>
<bndbox>
<xmin>227</xmin>
<ymin>2</ymin>
<xmax>250</xmax>
<ymax>36</ymax>
</bndbox>
<bndbox>
<xmin>243</xmin>
<ymin>206</ymin>
<xmax>286</xmax>
<ymax>270</ymax>
</bndbox>
</object>
</annotation>