<?xml version="1.0"?>
<annotation>
<folder>data</folder>
<filename>DJI_0011 0158.jpg</filename>
<path/>
<source>
<database>Unknown</database>
</source>
<size>
<width>480</width>
<height>270</height>
<depth>3</depth>
</size>
<segmented>0</segmented>
<object>
<name>RockwoolPallet</name>
<pose>Unspecified</pose>
<truncated>0</truncated>
<occluded>0</occluded>
<difficult>0</difficult>
<bndbox>
<xmin>93</xmin>
<ymin>69</ymin>
<xmax>150</xmax>
<ymax>135</ymax>
</bndbox>
<bndbox>
<xmin>160</xmin>
<ymin>98</ymin>
<xmax>219</xmax>
<ymax>176</ymax>
</bndbox>
</object>
</annotation>