<?xml version="1.0"?>
<annotation>
<folder>data</folder>
<filename>DJI_0011 0100.jpg</filename>
<path/>
<source>
<database>Unknown</database>
</source>
<size>
<width>480</width>
<height>270</height>
<depth>3</depth>
</size>
<segmented>0</segmented>
<object>
<name>RockwoolPallet</name>
<pose>Unspecified</pose>
<truncated>0</truncated>
<occluded>0</occluded>
<difficult>0</difficult>
<bndbox>
<xmin>276</xmin>
<ymin>223</ymin>
<xmax>356</xmax>
<ymax>269</ymax>
</bndbox>
<bndbox>
<xmin>395</xmin>
<ymin>147</ymin>
<xmax>458</xmax>
<ymax>232</ymax>
</bndbox>
</object>
</annotation>