<?xml version="1.0"?>
<annotation>
<folder>data</folder>
<filename>DJI_0012 0057.jpg</filename>
<path/>
<source>
<database>Unknown</database>
</source>
<size>
<width>480</width>
<height>270</height>
<depth>3</depth>
</size>
<segmented>0</segmented>
<object>
<name>RockwoolPallet</name>
<pose>Unspecified</pose>
<truncated>0</truncated>
<occluded>0</occluded>
<difficult>0</difficult>
<bndbox>
<xmin>195</xmin>
<ymin>223</ymin>
<xmax>227</xmax>
<ymax>269</ymax>
</bndbox>
<bndbox>
<xmin>287</xmin>
<ymin>154</ymin>
<xmax>307</xmax>
<ymax>178</ymax>
</bndbox>
</object>
</annotation>