<?xml version="1.0"?>
<annotation>
<folder>data</folder>
<filename>DJI_0011 0224.jpg</filename>
<path/>
<source>
<database>Unknown</database>
</source>
<size>
<width>480</width>
<height>270</height>
<depth>3</depth>
</size>
<segmented>0</segmented>
<object>
<name>RockwoolPallet</name>
<pose>Unspecified</pose>
<truncated>0</truncated>
<occluded>0</occluded>
<difficult>0</difficult>
<bndbox>
<xmin>134</xmin>
<ymin>99</ymin>
<xmax>165</xmax>
<ymax>147</ymax>
</bndbox>
<bndbox>
<xmin>289</xmin>
<ymin>138</ymin>
<xmax>330</xmax>
<ymax>187</ymax>
</bndbox>
</object>
</annotation>