<?xml version="1.0"?>
<annotation>
<folder>data</folder>
<filename>DJI_0011 0175.jpg</filename>
<path/>
<source>
<database>Unknown</database>
</source>
<size>
<width>480</width>
<height>270</height>
<depth>3</depth>
</size>
<segmented>0</segmented>
<object>
<name>RockwoolPallet</name>
<pose>Unspecified</pose>
<truncated>0</truncated>
<occluded>0</occluded>
<difficult>0</difficult>
<bndbox>
<xmin>288</xmin>
<ymin>62</ymin>
<xmax>311</xmax>
<ymax>102</ymax>
</bndbox>
<bndbox>
<xmin>318</xmin>
<ymin>78</ymin>
<xmax>349</xmax>
<ymax>117</ymax>
</bndbox>
</object>
</annotation>