<?xml version="1.0"?>
<annotation>
<folder>data</folder>
<filename>DJI_0011 0079.jpg</filename>
<path/>
<source>
<database>Unknown</database>
</source>
<size>
<width>480</width>
<height>270</height>
<depth>3</depth>
</size>
<segmented>0</segmented>
<object>
<name>RockwoolPallet</name>
<pose>Unspecified</pose>
<truncated>0</truncated>
<occluded>0</occluded>
<difficult>0</difficult>
<bndbox>
<xmin>178</xmin>
<ymin>107</ymin>
<xmax>217</xmax>
<ymax>153</ymax>
</bndbox>
<bndbox>
<xmin>285</xmin>
<ymin>88</ymin>
<xmax>305</xmax>
<ymax>131</ymax>
</bndbox>
</object>
</annotation>