<?xml version="1.0"?>
<annotation>
<folder>data</folder>
<filename>DJI_0011 0016.jpg</filename>
<path/>
<source>
<database>Unknown</database>
</source>
<size>
<width>480</width>
<height>270</height>
<depth>3</depth>
</size>
<segmented>0</segmented>
<object>
<name>RockwoolPallet</name>
<pose>Unspecified</pose>
<truncated>0</truncated>
<occluded>0</occluded>
<difficult>0</difficult>
<bndbox>
<xmin>116</xmin>
<ymin>61</ymin>
<xmax>174</xmax>
<ymax>118</ymax>
</bndbox>
<bndbox>
<xmin>193</xmin>
<ymin>17</ymin>
<xmax>220</xmax>
<ymax>52</ymax>
</bndbox>
</object>
</annotation>