<?xml version="1.0"?>
<annotation>
<folder>data</folder>
<filename>DJI_0011 0095.jpg</filename>
<path/>
<source>
<database>Unknown</database>
</source>
<size>
<width>480</width>
<height>270</height>
<depth>3</depth>
</size>
<segmented>0</segmented>
<object>
<name>RockwoolPallet</name>
<pose>Unspecified</pose>
<truncated>0</truncated>
<occluded>0</occluded>
<difficult>0</difficult>
<bndbox>
<xmin>237</xmin>
<ymin>209</ymin>
<xmax>292</xmax>
<ymax>269</ymax>
</bndbox>
<bndbox>
<xmin>380</xmin>
<ymin>159</ymin>
<xmax>424</xmax>
<ymax>242</ymax>
</bndbox>
</object>
</annotation>