<?xml version="1.0"?>
<annotation>
<folder>data</folder>
<filename>DJI_0011 0081.jpg</filename>
<path/>
<source>
<database>Unknown</database>
</source>
<size>
<width>480</width>
<height>270</height>
<depth>3</depth>
</size>
<segmented>0</segmented>
<object>
<name>RockwoolPallet</name>
<pose>Unspecified</pose>
<truncated>0</truncated>
<occluded>0</occluded>
<difficult>0</difficult>
<bndbox>
<xmin>242</xmin>
<ymin>104</ymin>
<xmax>278</xmax>
<ymax>151</ymax>
</bndbox>
<bndbox>
<xmin>352</xmin>
<ymin>95</ymin>
<xmax>376</xmax>
<ymax>139</ymax>
</bndbox>
</object>
</annotation>