<?xml version="1.0"?>
<annotation>
<folder>data</folder>
<filename>DJI_0012 0367.jpg</filename>
<path/>
<source>
<database>Unknown</database>
</source>
<size>
<width>480</width>
<height>270</height>
<depth>3</depth>
</size>
<segmented>0</segmented>
<object>
<name>RockwoolPallet</name>
<pose>Unspecified</pose>
<truncated>0</truncated>
<occluded>0</occluded>
<difficult>0</difficult>
<bndbox>
<xmin>272</xmin>
<ymin>97</ymin>
<xmax>278</xmax>
<ymax>109</ymax>
</bndbox>
<bndbox>
<xmin>267</xmin>
<ymin>97</ymin>
<xmax>275</xmax>
<ymax>107</ymax>
</bndbox>
</object>
</annotation>