<?xml version="1.0"?>
<annotation>
<folder>data</folder>
<filename>DJI_0011 0226.jpg</filename>
<path/>
<source>
<database>Unknown</database>
</source>
<size>
<width>480</width>
<height>270</height>
<depth>3</depth>
</size>
<segmented>0</segmented>
<object>
<name>RockwoolPallet</name>
<pose>Unspecified</pose>
<truncated>0</truncated>
<occluded>0</occluded>
<difficult>0</difficult>
<bndbox>
<xmin>117</xmin>
<ymin>117</ymin>
<xmax>155</xmax>
<ymax>168</ymax>
</bndbox>
<bndbox>
<xmin>294</xmin>
<ymin>169</ymin>
<xmax>338</xmax>
<ymax>220</ymax>
</bndbox>
</object>
</annotation>