<?xml version="1.0"?>
<annotation>
<folder>data</folder>
<filename>DJI_0012 0048.jpg</filename>
<path/>
<source>
<database>Unknown</database>
</source>
<size>
<width>480</width>
<height>270</height>
<depth>3</depth>
</size>
<segmented>0</segmented>
<object>
<name>RockwoolPallet</name>
<pose>Unspecified</pose>
<truncated>0</truncated>
<occluded>0</occluded>
<difficult>0</difficult>
<bndbox>
<xmin>234</xmin>
<ymin>163</ymin>
<xmax>251</xmax>
<ymax>187</ymax>
</bndbox>
<bndbox>
<xmin>216</xmin>
<ymin>240</ymin>
<xmax>243</xmax>
<ymax>268</ymax>
</bndbox>
</object>
</annotation>