<?xml version="1.0"?>
<annotation>
<folder>data</folder>
<filename>DJI_0011 0200.jpg</filename>
<path/>
<source>
<database>Unknown</database>
</source>
<size>
<width>480</width>
<height>270</height>
<depth>3</depth>
</size>
<segmented>0</segmented>
<object>
<name>RockwoolPallet</name>
<pose>Unspecified</pose>
<truncated>0</truncated>
<occluded>0</occluded>
<difficult>0</difficult>
<bndbox>
<xmin>229</xmin>
<ymin>65</ymin>
<xmax>262</xmax>
<ymax>105</ymax>
</bndbox>
<bndbox>
<xmin>291</xmin>
<ymin>51</ymin>
<xmax>317</xmax>
<ymax>88</ymax>
</bndbox>
</object>
</annotation>