<?xml version="1.0"?>
<annotation>
<folder>data</folder>
<filename>DJI_0012 0052.jpg</filename>
<path/>
<source>
<database>Unknown</database>
</source>
<size>
<width>480</width>
<height>270</height>
<depth>3</depth>
</size>
<segmented>0</segmented>
<object>
<name>RockwoolPallet</name>
<pose>Unspecified</pose>
<truncated>0</truncated>
<occluded>0</occluded>
<difficult>0</difficult>
<bndbox>
<xmin>226</xmin>
<ymin>158</ymin>
<xmax>244</xmax>
<ymax>182</ymax>
</bndbox>
<bndbox>
<xmin>181</xmin>
<ymin>236</ymin>
<xmax>215</xmax>
<ymax>269</ymax>
</bndbox>
</object>
</annotation>