<?xml version="1.0"?>
<annotation>
<folder>data</folder>
<filename>DJI_0011 0202.jpg</filename>
<path/>
<source>
<database>Unknown</database>
</source>
<size>
<width>480</width>
<height>270</height>
<depth>3</depth>
</size>
<segmented>0</segmented>
<object>
<name>RockwoolPallet</name>
<pose>Unspecified</pose>
<truncated>0</truncated>
<occluded>0</occluded>
<difficult>0</difficult>
<bndbox>
<xmin>212</xmin>
<ymin>62</ymin>
<xmax>239</xmax>
<ymax>105</ymax>
</bndbox>
<bndbox>
<xmin>281</xmin>
<ymin>55</ymin>
<xmax>305</xmax>
<ymax>89</ymax>
</bndbox>
</object>
</annotation>