<?xml version="1.0"?>
<annotation>
<folder>data</folder>
<filename>DJI_0012 0384.jpg</filename>
<path/>
<source>
<database>Unknown</database>
</source>
<size>
<width>480</width>
<height>270</height>
<depth>3</depth>
</size>
<segmented>0</segmented>
<object>
<name>RockwoolPallet</name>
<pose>Unspecified</pose>
<truncated>0</truncated>
<occluded>0</occluded>
<difficult>0</difficult>
<bndbox>
<xmin>229</xmin>
<ymin>91</ymin>
<xmax>235</xmax>
<ymax>101</ymax>
</bndbox>
<bndbox>
<xmin>224</xmin>
<ymin>92</ymin>
<xmax>231</xmax>
<ymax>102</ymax>
</bndbox>
</object>
</annotation>