<?xml version="1.0"?>
<annotation>
<folder>data</folder>
<filename>DJI_0012 0370.jpg</filename>
<path/>
<source>
<database>Unknown</database>
</source>
<size>
<width>480</width>
<height>270</height>
<depth>3</depth>
</size>
<segmented>0</segmented>
<object>
<name>RockwoolPallet</name>
<pose>Unspecified</pose>
<truncated>0</truncated>
<occluded>0</occluded>
<difficult>0</difficult>
<bndbox>
<xmin>211</xmin>
<ymin>95</ymin>
<xmax>217</xmax>
<ymax>106</ymax>
</bndbox>
<bndbox>
<xmin>207</xmin>
<ymin>96</ymin>
<xmax>214</xmax>
<ymax>106</ymax>
</bndbox>
</object>
</annotation>