<?xml version="1.0"?>
<annotation>
<folder>data</folder>
<filename>DJI_0011 0053.jpg</filename>
<path/>
<source>
<database>Unknown</database>
</source>
<size>
<width>480</width>
<height>270</height>
<depth>3</depth>
</size>
<segmented>0</segmented>
<object>
<name>RockwoolPallet</name>
<pose>Unspecified</pose>
<truncated>0</truncated>
<occluded>0</occluded>
<difficult>0</difficult>
<bndbox>
<xmin>123</xmin>
<ymin>119</ymin>
<xmax>167</xmax>
<ymax>173</ymax>
</bndbox>
<bndbox>
<xmin>246</xmin>
<ymin>69</ymin>
<xmax>273</xmax>
<ymax>107</ymax>
</bndbox>
</object>
</annotation>