<?xml version="1.0"?>
<annotation>
<folder>data</folder>
<filename>DJI_0012 0365.jpg</filename>
<path/>
<source>
<database>Unknown</database>
</source>
<size>
<width>480</width>
<height>270</height>
<depth>3</depth>
</size>
<segmented>0</segmented>
<object>
<name>RockwoolPallet</name>
<pose>Unspecified</pose>
<truncated>0</truncated>
<occluded>0</occluded>
<difficult>0</difficult>
<bndbox>
<xmin>348</xmin>
<ymin>100</ymin>
<xmax>356</xmax>
<ymax>112</ymax>
</bndbox>
<bndbox>
<xmin>352</xmin>
<ymin>100</ymin>
<xmax>358</xmax>
<ymax>111</ymax>
</bndbox>
</object>
</annotation>