<?xml version="1.0"?>
<annotation>
<folder>data</folder>
<filename>DJI_0011 0160.jpg</filename>
<path/>
<source>
<database>Unknown</database>
</source>
<size>
<width>480</width>
<height>270</height>
<depth>3</depth>
</size>
<segmented>0</segmented>
<object>
<name>RockwoolPallet</name>
<pose>Unspecified</pose>
<truncated>0</truncated>
<occluded>0</occluded>
<difficult>0</difficult>
<bndbox>
<xmin>27</xmin>
<ymin>69</ymin>
<xmax>85</xmax>
<ymax>139</ymax>
</bndbox>
<bndbox>
<xmin>81</xmin>
<ymin>92</ymin>
<xmax>149</xmax>
<ymax>176</ymax>
</bndbox>
</object>
</annotation>