<?xml version="1.0"?>
<annotation>
<folder>data</folder>
<filename>DJI_0012 0090.jpg</filename>
<path/>
<source>
<database>Unknown</database>
</source>
<size>
<width>480</width>
<height>270</height>
<depth>3</depth>
</size>
<segmented>0</segmented>
<object>
<name>RockwoolPallet</name>
<pose>Unspecified</pose>
<truncated>0</truncated>
<occluded>0</occluded>
<difficult>0</difficult>
<bndbox>
<xmin>80</xmin>
<ymin>230</ymin>
<xmax>121</xmax>
<ymax>270</ymax>
</bndbox>
<bndbox>
<xmin>443</xmin>
<ymin>243</ymin>
<xmax>479</xmax>
<ymax>270</ymax>
</bndbox>
</object>
</annotation>