<?xml version="1.0"?>
<annotation>
<folder>data</folder>
<filename>DJI_0011 0222.jpg</filename>
<path/>
<source>
<database>Unknown</database>
</source>
<size>
<width>480</width>
<height>270</height>
<depth>3</depth>
</size>
<segmented>0</segmented>
<object>
<name>RockwoolPallet</name>
<pose>Unspecified</pose>
<truncated>0</truncated>
<occluded>0</occluded>
<difficult>0</difficult>
<bndbox>
<xmin>145</xmin>
<ymin>91</ymin>
<xmax>174</xmax>
<ymax>135</ymax>
</bndbox>
<bndbox>
<xmin>288</xmin>
<ymin>124</ymin>
<xmax>331</xmax>
<ymax>173</ymax>
</bndbox>
</object>
</annotation>