<?xml version="1.0"?>
<annotation>
<folder>data</folder>
<filename>DJI_0011 0166.jpg</filename>
<path/>
<source>
<database>Unknown</database>
</source>
<size>
<width>480</width>
<height>270</height>
<depth>3</depth>
</size>
<segmented>0</segmented>
<object>
<name>RockwoolPallet</name>
<pose>Unspecified</pose>
<truncated>0</truncated>
<occluded>0</occluded>
<difficult>0</difficult>
<bndbox>
<xmin>270</xmin>
<ymin>13</ymin>
<xmax>296</xmax>
<ymax>62</ymax>
</bndbox>
<bndbox>
<xmin>294</xmin>
<ymin>36</ymin>
<xmax>332</xmax>
<ymax>91</ymax>
</bndbox>
</object>
</annotation>