<?xml version="1.0"?>
<annotation>
<folder>data</folder>
<filename>DJI_0011 0069.jpg</filename>
<path/>
<source>
<database>Unknown</database>
</source>
<size>
<width>480</width>
<height>270</height>
<depth>3</depth>
</size>
<segmented>0</segmented>
<object>
<name>RockwoolPallet</name>
<pose>Unspecified</pose>
<truncated>0</truncated>
<occluded>0</occluded>
<difficult>0</difficult>
<bndbox>
<xmin>284</xmin>
<ymin>82</ymin>
<xmax>306</xmax>
<ymax>122</ymax>
</bndbox>
<bndbox>
<xmin>186</xmin>
<ymin>111</ymin>
<xmax>221</xmax>
<ymax>155</ymax>
</bndbox>
</object>
</annotation>