<?xml version="1.0"?>
<annotation>
<folder>data</folder>
<filename>DJI_0011 0188.jpg</filename>
<path/>
<source>
<database>Unknown</database>
</source>
<size>
<width>480</width>
<height>270</height>
<depth>3</depth>
</size>
<segmented>0</segmented>
<object>
<name>RockwoolPallet</name>
<pose>Unspecified</pose>
<truncated>0</truncated>
<occluded>0</occluded>
<difficult>0</difficult>
<bndbox>
<xmin>239</xmin>
<ymin>46</ymin>
<xmax>256</xmax>
<ymax>85</ymax>
</bndbox>
<bndbox>
<xmin>252</xmin>
<ymin>62</ymin>
<xmax>277</xmax>
<ymax>107</ymax>
</bndbox>
</object>
</annotation>