<?xml version="1.0"?>
<annotation>
<folder>data</folder>
<filename>DJI_0011 0184.jpg</filename>
<path/>
<source>
<database>Unknown</database>
</source>
<size>
<width>480</width>
<height>270</height>
<depth>3</depth>
</size>
<segmented>0</segmented>
<object>
<name>RockwoolPallet</name>
<pose>Unspecified</pose>
<truncated>0</truncated>
<occluded>0</occluded>
<difficult>0</difficult>
<bndbox>
<xmin>228</xmin>
<ymin>51</ymin>
<xmax>247</xmax>
<ymax>87</ymax>
</bndbox>
<bndbox>
<xmin>252</xmin>
<ymin>66</ymin>
<xmax>285</xmax>
<ymax>108</ymax>
</bndbox>
</object>
</annotation>