<?xml version="1.0"?>
<annotation>
<folder>data</folder>
<filename>DJI_0011 0105.jpg</filename>
<path/>
<source>
<database>Unknown</database>
</source>
<size>
<width>480</width>
<height>270</height>
<depth>3</depth>
</size>
<segmented>0</segmented>
<object>
<name>RockwoolPallet</name>
<pose>Unspecified</pose>
<truncated>0</truncated>
<occluded>0</occluded>
<difficult>0</difficult>
<bndbox>
<xmin>309</xmin>
<ymin>205</ymin>
<xmax>418</xmax>
<ymax>268</ymax>
</bndbox>
<bndbox>
<xmin>402</xmin>
<ymin>111</ymin>
<xmax>479</xmax>
<ymax>214</ymax>
</bndbox>
</object>
</annotation>