<?xml version="1.0"?>
<annotation>
<folder>data</folder>
<filename>DJI_0012 0170.jpg</filename>
<path/>
<source>
<database>Unknown</database>
</source>
<size>
<width>480</width>
<height>270</height>
<depth>3</depth>
</size>
<segmented>0</segmented>
<object>
<name>RockwoolPallet</name>
<pose>Unspecified</pose>
<truncated>0</truncated>
<occluded>0</occluded>
<difficult>0</difficult>
<bndbox>
<xmin>280</xmin>
<ymin>191</ymin>
<xmax>308</xmax>
<ymax>250</ymax>
</bndbox>
<bndbox>
<xmin>263</xmin>
<ymin>208</ymin>
<xmax>297</xmax>
<ymax>270</ymax>
</bndbox>
</object>
</annotation>