<?xml version="1.0"?>
<annotation>
<folder>data</folder>
<filename>DJI_0011 0048.jpg</filename>
<path/>
<source>
<database>Unknown</database>
</source>
<size>
<width>480</width>
<height>270</height>
<depth>3</depth>
</size>
<segmented>0</segmented>
<object>
<name>RockwoolPallet</name>
<pose>Unspecified</pose>
<truncated>0</truncated>
<occluded>0</occluded>
<difficult>0</difficult>
<bndbox>
<xmin>140</xmin>
<ymin>104</ymin>
<xmax>189</xmax>
<ymax>156</ymax>
</bndbox>
<bndbox>
<xmin>269</xmin>
<ymin>51</ymin>
<xmax>300</xmax>
<ymax>89</ymax>
</bndbox>
</object>
</annotation>