<?xml version="1.0"?>
<annotation>
<folder>data</folder>
<filename>DJI_0011 0059.jpg</filename>
<path/>
<source>
<database>Unknown</database>
</source>
<size>
<width>480</width>
<height>270</height>
<depth>3</depth>
</size>
<segmented>0</segmented>
<object>
<name>RockwoolPallet</name>
<pose>Unspecified</pose>
<truncated>0</truncated>
<occluded>0</occluded>
<difficult>0</difficult>
<bndbox>
<xmin>228</xmin>
<ymin>112</ymin>
<xmax>262</xmax>
<ymax>159</ymax>
</bndbox>
<bndbox>
<xmin>335</xmin>
<ymin>78</ymin>
<xmax>361</xmax>
<ymax>115</ymax>
</bndbox>
</object>
</annotation>