<?xml version="1.0"?>
<annotation>
<folder>data</folder>
<filename>DJI_0012 0037.jpg</filename>
<path/>
<source>
<database>Unknown</database>
</source>
<size>
<width>480</width>
<height>270</height>
<depth>3</depth>
</size>
<segmented>0</segmented>
<object>
<name>RockwoolPallet</name>
<pose>Unspecified</pose>
<truncated>0</truncated>
<occluded>0</occluded>
<difficult>0</difficult>
<bndbox>
<xmin>219</xmin>
<ymin>78</ymin>
<xmax>240</xmax>
<ymax>105</ymax>
</bndbox>
<bndbox>
<xmin>227</xmin>
<ymin>194</ymin>
<xmax>262</xmax>
<ymax>253</ymax>
</bndbox>
</object>
</annotation>