<?xml version="1.0"?>
<annotation>
<folder>data</folder>
<filename>DJI_0012 0157.jpg</filename>
<path/>
<source>
<database>Unknown</database>
</source>
<size>
<width>480</width>
<height>270</height>
<depth>3</depth>
</size>
<segmented>0</segmented>
<object>
<name>RockwoolPallet</name>
<pose>Unspecified</pose>
<truncated>0</truncated>
<occluded>0</occluded>
<difficult>0</difficult>
<bndbox>
<xmin>380</xmin>
<ymin>199</ymin>
<xmax>422</xmax>
<ymax>260</ymax>
</bndbox>
<bndbox>
<xmin>341</xmin>
<ymin>201</ymin>
<xmax>380</xmax>
<ymax>266</ymax>
</bndbox>
</object>
</annotation>