<?xml version="1.0"?>
<annotation>
<folder>data</folder>
<filename>DJI_0011 0217.jpg</filename>
<path/>
<source>
<database>Unknown</database>
</source>
<size>
<width>480</width>
<height>270</height>
<depth>3</depth>
</size>
<segmented>0</segmented>
<object>
<name>RockwoolPallet</name>
<pose>Unspecified</pose>
<truncated>0</truncated>
<occluded>0</occluded>
<difficult>0</difficult>
<bndbox>
<xmin>142</xmin>
<ymin>64</ymin>
<xmax>172</xmax>
<ymax>112</ymax>
</bndbox>
<bndbox>
<xmin>285</xmin>
<ymin>82</ymin>
<xmax>326</xmax>
<ymax>134</ymax>
</bndbox>
</object>
</annotation>