<?xml version="1.0"?>
<annotation>
<folder>data</folder>
<filename>DJI_0011 0092.jpg</filename>
<path/>
<source>
<database>Unknown</database>
</source>
<size>
<width>480</width>
<height>270</height>
<depth>3</depth>
</size>
<segmented>0</segmented>
<object>
<name>RockwoolPallet</name>
<pose>Unspecified</pose>
<truncated>0</truncated>
<occluded>0</occluded>
<difficult>0</difficult>
<bndbox>
<xmin>226</xmin>
<ymin>163</ymin>
<xmax>274</xmax>
<ymax>233</ymax>
</bndbox>
<bndbox>
<xmin>366</xmin>
<ymin>135</ymin>
<xmax>403</xmax>
<ymax>203</ymax>
</bndbox>
</object>
</annotation>