<?xml version="1.0"?>
<annotation>
<folder>data</folder>
<filename>DJI_0011 0206.jpg</filename>
<path/>
<source>
<database>Unknown</database>
</source>
<size>
<width>480</width>
<height>270</height>
<depth>3</depth>
</size>
<segmented>0</segmented>
<object>
<name>RockwoolPallet</name>
<pose>Unspecified</pose>
<truncated>0</truncated>
<occluded>0</occluded>
<difficult>0</difficult>
<bndbox>
<xmin>182</xmin>
<ymin>75</ymin>
<xmax>214</xmax>
<ymax>117</ymax>
</bndbox>
<bndbox>
<xmin>274</xmin>
<ymin>66</ymin>
<xmax>302</xmax>
<ymax>108</ymax>
</bndbox>
</object>
</annotation>