<?xml version="1.0"?>
<annotation>
<folder>data</folder>
<filename>DJI_0012 0114.jpg</filename>
<path/>
<source>
<database>Unknown</database>
</source>
<size>
<width>480</width>
<height>270</height>
<depth>3</depth>
</size>
<segmented>0</segmented>
<object>
<name>RockwoolPallet</name>
<pose>Unspecified</pose>
<truncated>0</truncated>
<occluded>0</occluded>
<difficult>0</difficult>
<bndbox>
<xmin>176</xmin>
<ymin>176</ymin>
<xmax>194</xmax>
<ymax>214</ymax>
</bndbox>
<bndbox>
<xmin>225</xmin>
<ymin>204</ymin>
<xmax>262</xmax>
<ymax>258</ymax>
</bndbox>
</object>
</annotation>