<?xml version="1.0"?>
<annotation>
<folder>data</folder>
<filename>DJI_0012 0092.jpg</filename>
<path/>
<source>
<database>Unknown</database>
</source>
<size>
<width>480</width>
<height>270</height>
<depth>3</depth>
</size>
<segmented>0</segmented>
<object>
<name>RockwoolPallet</name>
<pose>Unspecified</pose>
<truncated>0</truncated>
<occluded>0</occluded>
<difficult>0</difficult>
<bndbox>
<xmin>413</xmin>
<ymin>232</ymin>
<xmax>463</xmax>
<ymax>268</ymax>
</bndbox>
<bndbox>
<xmin>88</xmin>
<ymin>218</ymin>
<xmax>126</xmax>
<ymax>268</ymax>
</bndbox>
</object>
</annotation>