<?xml version="1.0"?>
<annotation>
<folder>data</folder>
<filename>DJI_0012 0171.jpg</filename>
<path/>
<source>
<database>Unknown</database>
</source>
<size>
<width>480</width>
<height>270</height>
<depth>3</depth>
</size>
<segmented>0</segmented>
<object>
<name>RockwoolPallet</name>
<pose>Unspecified</pose>
<truncated>0</truncated>
<occluded>0</occluded>
<difficult>0</difficult>
<bndbox>
<xmin>241</xmin>
<ymin>191</ymin>
<xmax>268</xmax>
<ymax>245</ymax>
</bndbox>
<bndbox>
<xmin>227</xmin>
<ymin>206</ymin>
<xmax>261</xmax>
<ymax>267</ymax>
</bndbox>
</object>
</annotation>