<?xml version="1.0"?>
<annotation>
<folder>data</folder>
<filename>DJI_0011 0091.jpg</filename>
<path/>
<source>
<database>Unknown</database>
</source>
<size>
<width>480</width>
<height>270</height>
<depth>3</depth>
</size>
<segmented>0</segmented>
<object>
<name>RockwoolPallet</name>
<pose>Unspecified</pose>
<truncated>0</truncated>
<occluded>0</occluded>
<difficult>0</difficult>
<bndbox>
<xmin>224</xmin>
<ymin>152</ymin>
<xmax>270</xmax>
<ymax>217</ymax>
</bndbox>
<bndbox>
<xmin>363</xmin>
<ymin>129</ymin>
<xmax>394</xmax>
<ymax>185</ymax>
</bndbox>
</object>
</annotation>