<?xml version="1.0"?>
<annotation>
<folder>data</folder>
<filename>DJI_0012 0110.jpg</filename>
<path/>
<source>
<database>Unknown</database>
</source>
<size>
<width>480</width>
<height>270</height>
<depth>3</depth>
</size>
<segmented>0</segmented>
<object>
<name>RockwoolPallet</name>
<pose>Unspecified</pose>
<truncated>0</truncated>
<occluded>0</occluded>
<difficult>0</difficult>
<bndbox>
<xmin>35</xmin>
<ymin>192</ymin>
<xmax>63</xmax>
<ymax>232</ymax>
</bndbox>
<bndbox>
<xmin>160</xmin>
<ymin>215</ymin>
<xmax>206</xmax>
<ymax>269</ymax>
</bndbox>
</object>
</annotation>