<?xml version="1.0"?>
<annotation>
<folder>data</folder>
<filename>DJI_0011 0055.jpg</filename>
<path/>
<source>
<database>Unknown</database>
</source>
<size>
<width>480</width>
<height>270</height>
<depth>3</depth>
</size>
<segmented>0</segmented>
<object>
<name>RockwoolPallet</name>
<pose>Unspecified</pose>
<truncated>0</truncated>
<occluded>0</occluded>
<difficult>0</difficult>
<bndbox>
<xmin>149</xmin>
<ymin>117</ymin>
<xmax>192</xmax>
<ymax>166</ymax>
</bndbox>
<bndbox>
<xmin>263</xmin>
<ymin>71</ymin>
<xmax>288</xmax>
<ymax>108</ymax>
</bndbox>
</object>
</annotation>