<?xml version="1.0"?>
<annotation>
<folder>data</folder>
<filename>DJI_0012 0094.jpg</filename>
<path/>
<source>
<database>Unknown</database>
</source>
<size>
<width>480</width>
<height>270</height>
<depth>3</depth>
</size>
<segmented>0</segmented>
<object>
<name>RockwoolPallet</name>
<pose>Unspecified</pose>
<truncated>0</truncated>
<occluded>0</occluded>
<difficult>0</difficult>
<bndbox>
<xmin>392</xmin>
<ymin>219</ymin>
<xmax>435</xmax>
<ymax>269</ymax>
</bndbox>
<bndbox>
<xmin>88</xmin>
<ymin>209</ymin>
<xmax>127</xmax>
<ymax>256</ymax>
</bndbox>
</object>
</annotation>