<?xml version="1.0"?>
<annotation>
<folder>data</folder>
<filename>DJI_0011 0163.jpg</filename>
<path/>
<source>
<database>Unknown</database>
</source>
<size>
<width>480</width>
<height>270</height>
<depth>3</depth>
</size>
<segmented>0</segmented>
<object>
<name>RockwoolPallet</name>
<pose>Unspecified</pose>
<truncated>0</truncated>
<occluded>0</occluded>
<difficult>0</difficult>
<bndbox>
<xmin>134</xmin>
<ymin>30</ymin>
<xmax>171</xmax>
<ymax>89</ymax>
</bndbox>
<bndbox>
<xmin>168</xmin>
<ymin>55</ymin>
<xmax>212</xmax>
<ymax>122</ymax>
</bndbox>
</object>
</annotation>