<?xml version="1.0"?>
<annotation>
<folder>data</folder>
<filename>DJI_0012 0064.jpg</filename>
<path/>
<source>
<database>Unknown</database>
</source>
<size>
<width>480</width>
<height>270</height>
<depth>3</depth>
</size>
<segmented>0</segmented>
<object>
<name>RockwoolPallet</name>
<pose>Unspecified</pose>
<truncated>0</truncated>
<occluded>0</occluded>
<difficult>0</difficult>
<bndbox>
<xmin>164</xmin>
<ymin>219</ymin>
<xmax>201</xmax>
<ymax>270</ymax>
</bndbox>
<bndbox>
<xmin>318</xmin>
<ymin>153</ymin>
<xmax>340</xmax>
<ymax>183</ymax>
</bndbox>
</object>
</annotation>