<?xml version="1.0"?>
<annotation>
<folder>data</folder>
<filename>DJI_0012 0115.jpg</filename>
<path/>
<source>
<database>Unknown</database>
</source>
<size>
<width>480</width>
<height>270</height>
<depth>3</depth>
</size>
<segmented>0</segmented>
<object>
<name>RockwoolPallet</name>
<pose>Unspecified</pose>
<truncated>0</truncated>
<occluded>0</occluded>
<difficult>0</difficult>
<bndbox>
<xmin>193</xmin>
<ymin>173</ymin>
<xmax>211</xmax>
<ymax>208</ymax>
</bndbox>
<bndbox>
<xmin>230</xmin>
<ymin>198</ymin>
<xmax>271</xmax>
<ymax>254</ymax>
</bndbox>
</object>
</annotation>