<?xml version="1.0"?>
<annotation>
<folder>data</folder>
<filename>DJI_0012 0387.jpg</filename>
<path/>
<source>
<database>Unknown</database>
</source>
<size>
<width>480</width>
<height>270</height>
<depth>3</depth>
</size>
<segmented>0</segmented>
<object>
<name>RockwoolPallet</name>
<pose>Unspecified</pose>
<truncated>0</truncated>
<occluded>0</occluded>
<difficult>0</difficult>
<bndbox>
<xmin>233</xmin>
<ymin>89</ymin>
<xmax>239</xmax>
<ymax>101</ymax>
</bndbox>
<bndbox>
<xmin>228</xmin>
<ymin>90</ymin>
<xmax>234</xmax>
<ymax>100</ymax>
</bndbox>
</object>
</annotation>