<?xml version="1.0"?>
<annotation>
<folder>data</folder>
<filename>DJI_0011 0183.jpg</filename>
<path/>
<source>
<database>Unknown</database>
</source>
<size>
<width>480</width>
<height>270</height>
<depth>3</depth>
</size>
<segmented>0</segmented>
<object>
<name>RockwoolPallet</name>
<pose>Unspecified</pose>
<truncated>0</truncated>
<occluded>0</occluded>
<difficult>0</difficult>
<bndbox>
<xmin>232</xmin>
<ymin>53</ymin>
<xmax>250</xmax>
<ymax>91</ymax>
</bndbox>
<bndbox>
<xmin>258</xmin>
<ymin>66</ymin>
<xmax>288</xmax>
<ymax>104</ymax>
</bndbox>
</object>
</annotation>