<?xml version="1.0"?>
<annotation>
<folder>data</folder>
<filename>DJI_0011 0062.jpg</filename>
<path/>
<source>
<database>Unknown</database>
</source>
<size>
<width>480</width>
<height>270</height>
<depth>3</depth>
</size>
<segmented>0</segmented>
<object>
<name>RockwoolPallet</name>
<pose>Unspecified</pose>
<truncated>0</truncated>
<occluded>0</occluded>
<difficult>0</difficult>
<bndbox>
<xmin>247</xmin>
<ymin>112</ymin>
<xmax>282</xmax>
<ymax>156</ymax>
</bndbox>
<bndbox>
<xmin>353</xmin>
<ymin>79</ymin>
<xmax>378</xmax>
<ymax>119</ymax>
</bndbox>
</object>
</annotation>