<?xml version="1.0"?>
<annotation>
<folder>data</folder>
<filename>DJI_0011 0041.jpg</filename>
<path/>
<source>
<database>Unknown</database>
</source>
<size>
<width>480</width>
<height>270</height>
<depth>3</depth>
</size>
<segmented>0</segmented>
<object>
<name>RockwoolPallet</name>
<pose>Unspecified</pose>
<truncated>0</truncated>
<occluded>0</occluded>
<difficult>0</difficult>
<bndbox>
<xmin>165</xmin>
<ymin>86</ymin>
<xmax>211</xmax>
<ymax>143</ymax>
</bndbox>
<bndbox>
<xmin>287</xmin>
<ymin>39</ymin>
<xmax>317</xmax>
<ymax>74</ymax>
</bndbox>
</object>
</annotation>