<?xml version="1.0"?>
<annotation>
<folder>data</folder>
<filename>DJI_0011 0094.jpg</filename>
<path/>
<source>
<database>Unknown</database>
</source>
<size>
<width>480</width>
<height>270</height>
<depth>3</depth>
</size>
<segmented>0</segmented>
<object>
<name>RockwoolPallet</name>
<pose>Unspecified</pose>
<truncated>0</truncated>
<occluded>0</occluded>
<difficult>0</difficult>
<bndbox>
<xmin>233</xmin>
<ymin>192</ymin>
<xmax>285</xmax>
<ymax>266</ymax>
</bndbox>
<bndbox>
<xmin>372</xmin>
<ymin>150</ymin>
<xmax>414</xmax>
<ymax>220</ymax>
</bndbox>
</object>
</annotation>