<?xml version="1.0"?>
<annotation>
<folder>data</folder>
<filename>DJI_0011 0147.jpg</filename>
<path/>
<source>
<database>Unknown</database>
</source>
<size>
<width>480</width>
<height>270</height>
<depth>3</depth>
</size>
<segmented>0</segmented>
<object>
<name>RockwoolPallet</name>
<pose>Unspecified</pose>
<truncated>0</truncated>
<occluded>0</occluded>
<difficult>0</difficult>
<bndbox>
<xmin>7</xmin>
<ymin>70</ymin>
<xmax>65</xmax>
<ymax>122</ymax>
</bndbox>
<bndbox>
<xmin>101</xmin>
<ymin>64</ymin>
<xmax>156</xmax>
<ymax>119</ymax>
</bndbox>
</object>
</annotation>