<?xml version="1.0"?>
<annotation>
<folder>data</folder>
<filename>DJI_0011 0218.jpg</filename>
<path/>
<source>
<database>Unknown</database>
</source>
<size>
<width>480</width>
<height>270</height>
<depth>3</depth>
</size>
<segmented>0</segmented>
<object>
<name>RockwoolPallet</name>
<pose>Unspecified</pose>
<truncated>0</truncated>
<occluded>0</occluded>
<difficult>0</difficult>
<bndbox>
<xmin>145</xmin>
<ymin>67</ymin>
<xmax>177</xmax>
<ymax>117</ymax>
</bndbox>
<bndbox>
<xmin>289</xmin>
<ymin>88</ymin>
<xmax>328</xmax>
<ymax>142</ymax>
</bndbox>
</object>
</annotation>