<?xml version="1.0"?>
<annotation>
<folder>data</folder>
<filename>DJI_0011 0142.jpg</filename>
<path/>
<source>
<database>Unknown</database>
</source>
<size>
<width>480</width>
<height>270</height>
<depth>3</depth>
</size>
<segmented>0</segmented>
<object>
<name>RockwoolPallet</name>
<pose>Unspecified</pose>
<truncated>0</truncated>
<occluded>0</occluded>
<difficult>0</difficult>
<bndbox>
<xmin>1</xmin>
<ymin>60</ymin>
<xmax>44</xmax>
<ymax>118</ymax>
</bndbox>
<bndbox>
<xmin>77</xmin>
<ymin>55</ymin>
<xmax>129</xmax>
<ymax>109</ymax>
</bndbox>
</object>
</annotation>