<?xml version="1.0"?>
<annotation>
<folder>data</folder>
<filename>DJI_0012 0055.jpg</filename>
<path/>
<source>
<database>Unknown</database>
</source>
<size>
<width>480</width>
<height>270</height>
<depth>3</depth>
</size>
<segmented>0</segmented>
<object>
<name>RockwoolPallet</name>
<pose>Unspecified</pose>
<truncated>0</truncated>
<occluded>0</occluded>
<difficult>0</difficult>
<bndbox>
<xmin>267</xmin>
<ymin>156</ymin>
<xmax>286</xmax>
<ymax>179</ymax>
</bndbox>
<bndbox>
<xmin>196</xmin>
<ymin>225</ymin>
<xmax>229</xmax>
<ymax>270</ymax>
</bndbox>
</object>
</annotation>