<?xml version="1.0"?>
<annotation>
<folder>data</folder>
<filename>DJI_0011 0170.jpg</filename>
<path/>
<source>
<database>Unknown</database>
</source>
<size>
<width>480</width>
<height>270</height>
<depth>3</depth>
</size>
<segmented>0</segmented>
<object>
<name>RockwoolPallet</name>
<pose>Unspecified</pose>
<truncated>0</truncated>
<occluded>0</occluded>
<difficult>0</difficult>
<bndbox>
<xmin>293</xmin>
<ymin>43</ymin>
<xmax>319</xmax>
<ymax>86</ymax>
</bndbox>
<bndbox>
<xmin>322</xmin>
<ymin>61</ymin>
<xmax>356</xmax>
<ymax>109</ymax>
</bndbox>
</object>
</annotation>