<?xml version="1.0"?>
<annotation>
<folder>data</folder>
<filename>DJI_0012 0208.jpg</filename>
<path/>
<source>
<database>Unknown</database>
</source>
<size>
<width>480</width>
<height>270</height>
<depth>3</depth>
</size>
<segmented>0</segmented>
<object>
<name>RockwoolPallet</name>
<pose>Unspecified</pose>
<truncated>0</truncated>
<occluded>0</occluded>
<difficult>0</difficult>
<bndbox>
<xmin>136</xmin>
<ymin>38</ymin>
<xmax>168</xmax>
<ymax>80</ymax>
</bndbox>
<bndbox>
<xmin>152</xmin>
<ymin>45</ymin>
<xmax>185</xmax>
<ymax>90</ymax>
</bndbox>
</object>
</annotation>