<?xml version="1.0"?>
<annotation>
<folder>data</folder>
<filename>DJI_0011 0179.jpg</filename>
<path/>
<source>
<database>Unknown</database>
</source>
<size>
<width>480</width>
<height>270</height>
<depth>3</depth>
</size>
<segmented>0</segmented>
<object>
<name>RockwoolPallet</name>
<pose>Unspecified</pose>
<truncated>0</truncated>
<occluded>0</occluded>
<difficult>0</difficult>
<bndbox>
<xmin>266</xmin>
<ymin>56</ymin>
<xmax>283</xmax>
<ymax>93</ymax>
</bndbox>
<bndbox>
<xmin>293</xmin>
<ymin>68</ymin>
<xmax>324</xmax>
<ymax>103</ymax>
</bndbox>
</object>
</annotation>