<?xml version="1.0"?>
<annotation>
<folder>data</folder>
<filename>DJI_0012 0103.jpg</filename>
<path/>
<source>
<database>Unknown</database>
</source>
<size>
<width>480</width>
<height>270</height>
<depth>3</depth>
</size>
<segmented>0</segmented>
<object>
<name>RockwoolPallet</name>
<pose>Unspecified</pose>
<truncated>0</truncated>
<occluded>0</occluded>
<difficult>0</difficult>
<bndbox>
<xmin>141</xmin>
<ymin>170</ymin>
<xmax>174</xmax>
<ymax>210</ymax>
</bndbox>
<bndbox>
<xmin>370</xmin>
<ymin>198</ymin>
<xmax>415</xmax>
<ymax>259</ymax>
</bndbox>
</object>
</annotation>