<?xml version="1.0"?>
<annotation>
<folder>data</folder>
<filename>DJI_0011 0214.jpg</filename>
<path/>
<source>
<database>Unknown</database>
</source>
<size>
<width>480</width>
<height>270</height>
<depth>3</depth>
</size>
<segmented>0</segmented>
<object>
<name>RockwoolPallet</name>
<pose>Unspecified</pose>
<truncated>0</truncated>
<occluded>0</occluded>
<difficult>0</difficult>
<bndbox>
<xmin>139</xmin>
<ymin>44</ymin>
<xmax>173</xmax>
<ymax>105</ymax>
</bndbox>
<bndbox>
<xmin>279</xmin>
<ymin>58</ymin>
<xmax>319</xmax>
<ymax>113</ymax>
</bndbox>
</object>
</annotation>