<?xml version="1.0"?>
<annotation>
<folder>data</folder>
<filename>DJI_0011 0088.jpg</filename>
<path/>
<source>
<database>Unknown</database>
</source>
<size>
<width>480</width>
<height>270</height>
<depth>3</depth>
</size>
<segmented>0</segmented>
<object>
<name>RockwoolPallet</name>
<pose>Unspecified</pose>
<truncated>0</truncated>
<occluded>0</occluded>
<difficult>0</difficult>
<bndbox>
<xmin>231</xmin>
<ymin>125</ymin>
<xmax>272</xmax>
<ymax>178</ymax>
</bndbox>
<bndbox>
<xmin>352</xmin>
<ymin>105</ymin>
<xmax>381</xmax>
<ymax>158</ymax>
</bndbox>
</object>
</annotation>