<?xml version="1.0"?>
<annotation>
<folder>data</folder>
<filename>DJI_0011 0051.jpg</filename>
<path/>
<source>
<database>Unknown</database>
</source>
<size>
<width>480</width>
<height>270</height>
<depth>3</depth>
</size>
<segmented>0</segmented>
<object>
<name>RockwoolPallet</name>
<pose>Unspecified</pose>
<truncated>0</truncated>
<occluded>0</occluded>
<difficult>0</difficult>
<bndbox>
<xmin>125</xmin>
<ymin>115</ymin>
<xmax>173</xmax>
<ymax>169</ymax>
</bndbox>
<bndbox>
<xmin>252</xmin>
<ymin>64</ymin>
<xmax>281</xmax>
<ymax>101</ymax>
</bndbox>
</object>
</annotation>