<?xml version="1.0"?>
<annotation>
<folder>data</folder>
<filename>DJI_0012 0188.jpg</filename>
<path/>
<source>
<database>Unknown</database>
</source>
<size>
<width>480</width>
<height>270</height>
<depth>3</depth>
</size>
<segmented>0</segmented>
<object>
<name>RockwoolPallet</name>
<pose>Unspecified</pose>
<truncated>0</truncated>
<occluded>0</occluded>
<difficult>0</difficult>
<bndbox>
<xmin>138</xmin>
<ymin>41</ymin>
<xmax>155</xmax>
<ymax>52</ymax>
</bndbox>
<bndbox>
<xmin>128</xmin>
<ymin>51</ymin>
<xmax>157</xmax>
<ymax>94</ymax>
</bndbox>
</object>
</annotation>