<?xml version="1.0"?>
<annotation>
<folder>data</folder>
<filename>DJI_0011 0196.jpg</filename>
<path/>
<source>
<database>Unknown</database>
</source>
<size>
<width>480</width>
<height>270</height>
<depth>3</depth>
</size>
<segmented>0</segmented>
<object>
<name>RockwoolPallet</name>
<pose>Unspecified</pose>
<truncated>0</truncated>
<occluded>0</occluded>
<difficult>0</difficult>
<bndbox>
<xmin>254</xmin>
<ymin>68</ymin>
<xmax>282</xmax>
<ymax>106</ymax>
</bndbox>
<bndbox>
<xmin>294</xmin>
<ymin>49</ymin>
<xmax>315</xmax>
<ymax>82</ymax>
</bndbox>
</object>
</annotation>