<?xml version="1.0"?>
<annotation>
<folder>data</folder>
<filename>DJI_0011 0057.jpg</filename>
<path/>
<source>
<database>Unknown</database>
</source>
<size>
<width>480</width>
<height>270</height>
<depth>3</depth>
</size>
<segmented>0</segmented>
<object>
<name>RockwoolPallet</name>
<pose>Unspecified</pose>
<truncated>0</truncated>
<occluded>0</occluded>
<difficult>0</difficult>
<bndbox>
<xmin>202</xmin>
<ymin>115</ymin>
<xmax>239</xmax>
<ymax>161</ymax>
</bndbox>
<bndbox>
<xmin>313</xmin>
<ymin>74</ymin>
<xmax>337</xmax>
<ymax>111</ymax>
</bndbox>
</object>
</annotation>