<?xml version="1.0"?>
<annotation>
<folder>data</folder>
<filename>DJI_0012 0091.jpg</filename>
<path/>
<source>
<database>Unknown</database>
</source>
<size>
<width>480</width>
<height>270</height>
<depth>3</depth>
</size>
<segmented>0</segmented>
<object>
<name>RockwoolPallet</name>
<pose>Unspecified</pose>
<truncated>0</truncated>
<occluded>0</occluded>
<difficult>0</difficult>
<bndbox>
<xmin>84</xmin>
<ymin>226</ymin>
<xmax>127</xmax>
<ymax>269</ymax>
</bndbox>
<bndbox>
<xmin>431</xmin>
<ymin>238</ymin>
<xmax>478</xmax>
<ymax>270</ymax>
</bndbox>
</object>
</annotation>