<?xml version="1.0"?>
<annotation>
<folder>data</folder>
<filename>DJI_0012 0125.jpg</filename>
<path/>
<source>
<database>Unknown</database>
</source>
<size>
<width>480</width>
<height>270</height>
<depth>3</depth>
</size>
<segmented>0</segmented>
<object>
<name>RockwoolPallet</name>
<pose>Unspecified</pose>
<truncated>0</truncated>
<occluded>0</occluded>
<difficult>0</difficult>
<bndbox>
<xmin>250</xmin>
<ymin>159</ymin>
<xmax>267</xmax>
<ymax>175</ymax>
</bndbox>
<bndbox>
<xmin>235</xmin>
<ymin>171</ymin>
<xmax>263</xmax>
<ymax>208</ymax>
</bndbox>
</object>
</annotation>