<?xml version="1.0"?>
<annotation>
<folder>data</folder>
<filename>DJI_0011 0087.jpg</filename>
<path/>
<source>
<database>Unknown</database>
</source>
<size>
<width>480</width>
<height>270</height>
<depth>3</depth>
</size>
<segmented>0</segmented>
<object>
<name>RockwoolPallet</name>
<pose>Unspecified</pose>
<truncated>0</truncated>
<occluded>0</occluded>
<difficult>0</difficult>
<bndbox>
<xmin>232</xmin>
<ymin>119</ymin>
<xmax>272</xmax>
<ymax>168</ymax>
</bndbox>
<bndbox>
<xmin>347</xmin>
<ymin>102</ymin>
<xmax>378</xmax>
<ymax>148</ymax>
</bndbox>
</object>
</annotation>