<?xml version="1.0"?>
<annotation>
<folder>data</folder>
<filename>DJI_0011 0150.jpg</filename>
<path/>
<source>
<database>Unknown</database>
</source>
<size>
<width>480</width>
<height>270</height>
<depth>3</depth>
</size>
<segmented>0</segmented>
<object>
<name>RockwoolPallet</name>
<pose>Unspecified</pose>
<truncated>0</truncated>
<occluded>0</occluded>
<difficult>0</difficult>
<bndbox>
<xmin>176</xmin>
<ymin>53</ymin>
<xmax>222</xmax>
<ymax>107</ymax>
</bndbox>
<bndbox>
<xmin>257</xmin>
<ymin>68</ymin>
<xmax>302</xmax>
<ymax>130</ymax>
</bndbox>
</object>
</annotation>