<?xml version="1.0"?>
<annotation>
<folder>data</folder>
<filename>DJI_0012 0388.jpg</filename>
<path/>
<source>
<database>Unknown</database>
</source>
<size>
<width>480</width>
<height>270</height>
<depth>3</depth>
</size>
<segmented>0</segmented>
<object>
<name>RockwoolPallet</name>
<pose>Unspecified</pose>
<truncated>0</truncated>
<occluded>0</occluded>
<difficult>0</difficult>
<bndbox>
<xmin>244</xmin>
<ymin>89</ymin>
<xmax>250</xmax>
<ymax>100</ymax>
</bndbox>
<bndbox>
<xmin>238</xmin>
<ymin>89</ymin>
<xmax>246</xmax>
<ymax>101</ymax>
</bndbox>
</object>
</annotation>