<?xml version="1.0"?>
<annotation>
<folder>data</folder>
<filename>DJI_0011 0152.jpg</filename>
<path/>
<source>
<database>Unknown</database>
</source>
<size>
<width>480</width>
<height>270</height>
<depth>3</depth>
</size>
<segmented>0</segmented>
<object>
<name>RockwoolPallet</name>
<pose>Unspecified</pose>
<truncated>0</truncated>
<occluded>0</occluded>
<difficult>0</difficult>
<bndbox>
<xmin>203</xmin>
<ymin>53</ymin>
<xmax>245</xmax>
<ymax>110</ymax>
</bndbox>
<bndbox>
<xmin>283</xmin>
<ymin>76</ymin>
<xmax>327</xmax>
<ymax>132</ymax>
</bndbox>
</object>
</annotation>