<?xml version="1.0"?>
<annotation>
<folder>data</folder>
<filename>DJI_0012 0032.jpg</filename>
<path/>
<source>
<database>Unknown</database>
</source>
<size>
<width>480</width>
<height>270</height>
<depth>3</depth>
</size>
<segmented>0</segmented>
<object>
<name>RockwoolPallet</name>
<pose>Unspecified</pose>
<truncated>0</truncated>
<occluded>0</occluded>
<difficult>0</difficult>
<bndbox>
<xmin>222</xmin>
<ymin>1</ymin>
<xmax>237</xmax>
<ymax>25</ymax>
</bndbox>
<bndbox>
<xmin>237</xmin>
<ymin>141</ymin>
<xmax>270</xmax>
<ymax>205</ymax>
</bndbox>
</object>
</annotation>