<?xml version="1.0"?>
<annotation>
<folder>data</folder>
<filename>DJI_0011 0210.jpg</filename>
<path/>
<source>
<database>Unknown</database>
</source>
<size>
<width>480</width>
<height>270</height>
<depth>3</depth>
</size>
<segmented>0</segmented>
<object>
<name>RockwoolPallet</name>
<pose>Unspecified</pose>
<truncated>0</truncated>
<occluded>0</occluded>
<difficult>0</difficult>
<bndbox>
<xmin>151</xmin>
<ymin>4</ymin>
<xmax>182</xmax>
<ymax>62</ymax>
</bndbox>
<bndbox>
<xmin>277</xmin>
<ymin>4</ymin>
<xmax>318</xmax>
<ymax>58</ymax>
</bndbox>
</object>
</annotation>