<?xml version="1.0"?>
<annotation>
<folder>data</folder>
<filename>DJI_0011 0197.jpg</filename>
<path/>
<source>
<database>Unknown</database>
</source>
<size>
<width>480</width>
<height>270</height>
<depth>3</depth>
</size>
<segmented>0</segmented>
<object>
<name>RockwoolPallet</name>
<pose>Unspecified</pose>
<truncated>0</truncated>
<occluded>0</occluded>
<difficult>0</difficult>
<bndbox>
<xmin>256</xmin>
<ymin>67</ymin>
<xmax>285</xmax>
<ymax>108</ymax>
</bndbox>
<bndbox>
<xmin>302</xmin>
<ymin>48</ymin>
<xmax>328</xmax>
<ymax>86</ymax>
</bndbox>
</object>
</annotation>