<?xml version="1.0"?>
<annotation>
<folder>data</folder>
<filename>DJI_0011 0174.jpg</filename>
<path/>
<source>
<database>Unknown</database>
</source>
<size>
<width>480</width>
<height>270</height>
<depth>3</depth>
</size>
<segmented>0</segmented>
<object>
<name>RockwoolPallet</name>
<pose>Unspecified</pose>
<truncated>0</truncated>
<occluded>0</occluded>
<difficult>0</difficult>
<bndbox>
<xmin>291</xmin>
<ymin>64</ymin>
<xmax>314</xmax>
<ymax>106</ymax>
</bndbox>
<bndbox>
<xmin>321</xmin>
<ymin>80</ymin>
<xmax>352</xmax>
<ymax>123</ymax>
</bndbox>
</object>
</annotation>