<?xml version="1.0"?>
<annotation>
<folder>data</folder>
<filename>DJI_0012 0152.jpg</filename>
<path/>
<source>
<database>Unknown</database>
</source>
<size>
<width>480</width>
<height>270</height>
<depth>3</depth>
</size>
<segmented>0</segmented>
<object>
<name>RockwoolPallet</name>
<pose>Unspecified</pose>
<truncated>0</truncated>
<occluded>0</occluded>
<difficult>0</difficult>
<bndbox>
<xmin>347</xmin>
<ymin>176</ymin>
<xmax>377</xmax>
<ymax>218</ymax>
</bndbox>
<bndbox>
<xmin>313</xmin>
<ymin>177</ymin>
<xmax>345</xmax>
<ymax>223</ymax>
</bndbox>
</object>
</annotation>