<?xml version="1.0"?>
<annotation>
<folder>data</folder>
<filename>DJI_0012 0097.jpg</filename>
<path/>
<source>
<database>Unknown</database>
</source>
<size>
<width>480</width>
<height>270</height>
<depth>3</depth>
</size>
<segmented>0</segmented>
<object>
<name>RockwoolPallet</name>
<pose>Unspecified</pose>
<truncated>0</truncated>
<occluded>0</occluded>
<difficult>0</difficult>
<bndbox>
<xmin>83</xmin>
<ymin>193</ymin>
<xmax>120</xmax>
<ymax>242</ymax>
</bndbox>
<bndbox>
<xmin>363</xmin>
<ymin>202</ymin>
<xmax>403</xmax>
<ymax>258</ymax>
</bndbox>
</object>
</annotation>