<?xml version="1.0"?>
<annotation>
<folder>data</folder>
<filename>DJI_0012 0153.jpg</filename>
<path/>
<source>
<database>Unknown</database>
</source>
<size>
<width>480</width>
<height>270</height>
<depth>3</depth>
</size>
<segmented>0</segmented>
<object>
<name>RockwoolPallet</name>
<pose>Unspecified</pose>
<truncated>0</truncated>
<occluded>0</occluded>
<difficult>0</difficult>
<bndbox>
<xmin>352</xmin>
<ymin>177</ymin>
<xmax>384</xmax>
<ymax>222</ymax>
</bndbox>
<bndbox>
<xmin>319</xmin>
<ymin>180</ymin>
<xmax>349</xmax>
<ymax>229</ymax>
</bndbox>
</object>
</annotation>