<?xml version="1.0"?>
<annotation>
<folder>data</folder>
<filename>DJI_0011 0025.jpg</filename>
<path/>
<source>
<database>Unknown</database>
</source>
<size>
<width>480</width>
<height>270</height>
<depth>3</depth>
</size>
<segmented>0</segmented>
<object>
<name>RockwoolPallet</name>
<pose>Unspecified</pose>
<truncated>0</truncated>
<occluded>0</occluded>
<difficult>0</difficult>
<bndbox>
<xmin>120</xmin>
<ymin>86</ymin>
<xmax>177</xmax>
<ymax>144</ymax>
</bndbox>
<bndbox>
<xmin>196</xmin>
<ymin>34</ymin>
<xmax>223</xmax>
<ymax>65</ymax>
</bndbox>
</object>
</annotation>