<?xml version="1.0"?>
<annotation>
<folder>data</folder>
<filename>DJI_0012 0067.jpg</filename>
<path/>
<source>
<database>Unknown</database>
</source>
<size>
<width>480</width>
<height>270</height>
<depth>3</depth>
</size>
<segmented>0</segmented>
<object>
<name>RockwoolPallet</name>
<pose>Unspecified</pose>
<truncated>0</truncated>
<occluded>0</occluded>
<difficult>0</difficult>
<bndbox>
<xmin>306</xmin>
<ymin>153</ymin>
<xmax>324</xmax>
<ymax>180</ymax>
</bndbox>
<bndbox>
<xmin>124</xmin>
<ymin>219</ymin>
<xmax>165</xmax>
<ymax>270</ymax>
</bndbox>
</object>
</annotation>