<?xml version="1.0"?>
<annotation>
<folder>data</folder>
<filename>DJI_0011 0220.jpg</filename>
<path/>
<source>
<database>Unknown</database>
</source>
<size>
<width>480</width>
<height>270</height>
<depth>3</depth>
</size>
<segmented>0</segmented>
<object>
<name>RockwoolPallet</name>
<pose>Unspecified</pose>
<truncated>0</truncated>
<occluded>0</occluded>
<difficult>0</difficult>
<bndbox>
<xmin>147</xmin>
<ymin>80</ymin>
<xmax>181</xmax>
<ymax>129</ymax>
</bndbox>
<bndbox>
<xmin>291</xmin>
<ymin>109</ymin>
<xmax>330</xmax>
<ymax>159</ymax>
</bndbox>
</object>
</annotation>