<?xml version="1.0"?>
<annotation>
<folder>data</folder>
<filename>DJI_0012 0177.jpg</filename>
<path/>
<source>
<database>Unknown</database>
</source>
<size>
<width>480</width>
<height>270</height>
<depth>3</depth>
</size>
<segmented>0</segmented>
<object>
<name>RockwoolPallet</name>
<pose>Unspecified</pose>
<truncated>0</truncated>
<occluded>0</occluded>
<difficult>0</difficult>
<bndbox>
<xmin>209</xmin>
<ymin>57</ymin>
<xmax>234</xmax>
<ymax>90</ymax>
</bndbox>
<bndbox>
<xmin>198</xmin>
<ymin>71</ymin>
<xmax>236</xmax>
<ymax>131</ymax>
</bndbox>
</object>
</annotation>