<?xml version="1.0"?>
<annotation>
<folder>data</folder>
<filename>DJI_0011 0176.jpg</filename>
<path/>
<source>
<database>Unknown</database>
</source>
<size>
<width>480</width>
<height>270</height>
<depth>3</depth>
</size>
<segmented>0</segmented>
<object>
<name>RockwoolPallet</name>
<pose>Unspecified</pose>
<truncated>0</truncated>
<occluded>0</occluded>
<difficult>0</difficult>
<bndbox>
<xmin>285</xmin>
<ymin>60</ymin>
<xmax>308</xmax>
<ymax>99</ymax>
</bndbox>
<bndbox>
<xmin>315</xmin>
<ymin>74</ymin>
<xmax>347</xmax>
<ymax>118</ymax>
</bndbox>
</object>
</annotation>