<?xml version="1.0"?>
<annotation>
<folder>data</folder>
<filename>DJI_0012 0099.jpg</filename>
<path/>
<source>
<database>Unknown</database>
</source>
<size>
<width>480</width>
<height>270</height>
<depth>3</depth>
</size>
<segmented>0</segmented>
<object>
<name>RockwoolPallet</name>
<pose>Unspecified</pose>
<truncated>0</truncated>
<occluded>0</occluded>
<difficult>0</difficult>
<bndbox>
<xmin>76</xmin>
<ymin>185</ymin>
<xmax>113</xmax>
<ymax>229</ymax>
</bndbox>
<bndbox>
<xmin>341</xmin>
<ymin>195</ymin>
<xmax>380</xmax>
<ymax>246</ymax>
</bndbox>
</object>
</annotation>