<?xml version="1.0"?>
<annotation>
<folder>data</folder>
<filename>DJI_0011 0215.jpg</filename>
<path/>
<source>
<database>Unknown</database>
</source>
<size>
<width>480</width>
<height>270</height>
<depth>3</depth>
</size>
<segmented>0</segmented>
<object>
<name>RockwoolPallet</name>
<pose>Unspecified</pose>
<truncated>0</truncated>
<occluded>0</occluded>
<difficult>0</difficult>
<bndbox>
<xmin>135</xmin>
<ymin>54</ymin>
<xmax>172</xmax>
<ymax>108</ymax>
</bndbox>
<bndbox>
<xmin>279</xmin>
<ymin>68</ymin>
<xmax>321</xmax>
<ymax>122</ymax>
</bndbox>
</object>
</annotation>