<?xml version="1.0"?>
<annotation>
<folder>data</folder>
<filename>DJI_0012 0198.jpg</filename>
<path/>
<source>
<database>Unknown</database>
</source>
<size>
<width>480</width>
<height>270</height>
<depth>3</depth>
</size>
<segmented>0</segmented>
<object>
<name>RockwoolPallet</name>
<pose>Unspecified</pose>
<truncated>0</truncated>
<occluded>0</occluded>
<difficult>0</difficult>
<bndbox>
<xmin>84</xmin>
<ymin>39</ymin>
<xmax>108</xmax>
<ymax>51</ymax>
</bndbox>
<bndbox>
<xmin>84</xmin>
<ymin>45</ymin>
<xmax>123</xmax>
<ymax>95</ymax>
</bndbox>
</object>
</annotation>