<?xml version="1.0"?>
<annotation>
<folder>data</folder>
<filename>DJI_0012 0118.jpg</filename>
<path/>
<source>
<database>Unknown</database>
</source>
<size>
<width>480</width>
<height>270</height>
<depth>3</depth>
</size>
<segmented>0</segmented>
<object>
<name>RockwoolPallet</name>
<pose>Unspecified</pose>
<truncated>0</truncated>
<occluded>0</occluded>
<difficult>0</difficult>
<bndbox>
<xmin>264</xmin>
<ymin>173</ymin>
<xmax>283</xmax>
<ymax>204</ymax>
</bndbox>
<bndbox>
<xmin>279</xmin>
<ymin>194</ymin>
<xmax>319</xmax>
<ymax>248</ymax>
</bndbox>
</object>
</annotation>