<?xml version="1.0"?>
<annotation>
<folder>data</folder>
<filename>DJI_0012 0113.jpg</filename>
<path/>
<source>
<database>Unknown</database>
</source>
<size>
<width>480</width>
<height>270</height>
<depth>3</depth>
</size>
<segmented>0</segmented>
<object>
<name>RockwoolPallet</name>
<pose>Unspecified</pose>
<truncated>0</truncated>
<occluded>0</occluded>
<difficult>0</difficult>
<bndbox>
<xmin>144</xmin>
<ymin>178</ymin>
<xmax>166</xmax>
<ymax>213</ymax>
</bndbox>
<bndbox>
<xmin>206</xmin>
<ymin>204</ymin>
<xmax>250</xmax>
<ymax>266</ymax>
</bndbox>
</object>
</annotation>