<?xml version="1.0"?>
<annotation>
<folder>data</folder>
<filename>DJI_0012 0127.jpg</filename>
<path/>
<source>
<database>Unknown</database>
</source>
<size>
<width>480</width>
<height>270</height>
<depth>3</depth>
</size>
<segmented>0</segmented>
<object>
<name>RockwoolPallet</name>
<pose>Unspecified</pose>
<truncated>0</truncated>
<occluded>0</occluded>
<difficult>0</difficult>
<bndbox>
<xmin>298</xmin>
<ymin>158</ymin>
<xmax>315</xmax>
<ymax>188</ymax>
</bndbox>
<bndbox>
<xmin>286</xmin>
<ymin>168</ymin>
<xmax>307</xmax>
<ymax>204</ymax>
</bndbox>
</object>
</annotation>