<?xml version="1.0"?>
<annotation>
<folder>data</folder>
<filename>DJI_0011 0209.jpg</filename>
<path/>
<source>
<database>Unknown</database>
</source>
<size>
<width>480</width>
<height>270</height>
<depth>3</depth>
</size>
<segmented>0</segmented>
<object>
<name>RockwoolPallet</name>
<pose>Unspecified</pose>
<truncated>0</truncated>
<occluded>0</occluded>
<difficult>0</difficult>
<bndbox>
<xmin>156</xmin>
<ymin>-1</ymin>
<xmax>190</xmax>
<ymax>53</ymax>
</bndbox>
<bndbox>
<xmin>277</xmin>
<ymin>0</ymin>
<xmax>314</xmax>
<ymax>45</ymax>
</bndbox>
</object>
</annotation>