<?xml version="1.0"?>
<annotation>
<folder>data</folder>
<filename>DJI_0012 0112.jpg</filename>
<path/>
<source>
<database>Unknown</database>
</source>
<size>
<width>480</width>
<height>270</height>
<depth>3</depth>
</size>
<segmented>0</segmented>
<object>
<name>RockwoolPallet</name>
<pose>Unspecified</pose>
<truncated>0</truncated>
<occluded>0</occluded>
<difficult>0</difficult>
<bndbox>
<xmin>84</xmin>
<ymin>180</ymin>
<xmax>108</xmax>
<ymax>223</ymax>
</bndbox>
<bndbox>
<xmin>168</xmin>
<ymin>205</ymin>
<xmax>212</xmax>
<ymax>268</ymax>
</bndbox>
</object>
</annotation>