<?xml version="1.0"?>
<annotation>
<folder>data</folder>
<filename>DJI_0012 0026.jpg</filename>
<path/>
<source>
<database>Unknown</database>
</source>
<size>
<width>480</width>
<height>270</height>
<depth>3</depth>
</size>
<segmented>0</segmented>
<object>
<name>RockwoolPallet</name>
<pose>Unspecified</pose>
<truncated>0</truncated>
<occluded>0</occluded>
<difficult>0</difficult>
<bndbox>
<xmin>247</xmin>
<ymin>224</ymin>
<xmax>289</xmax>
<ymax>273</ymax>
</bndbox>
<bndbox>
<xmin>229</xmin>
<ymin>6</ymin>
<xmax>252</xmax>
<ymax>38</ymax>
</bndbox>
</object>
</annotation>