<?xml version="1.0"?>
<annotation>
<folder>data</folder>
<filename>DJI_0012 0107.jpg</filename>
<path/>
<source>
<database>Unknown</database>
</source>
<size>
<width>480</width>
<height>270</height>
<depth>3</depth>
</size>
<segmented>0</segmented>
<object>
<name>RockwoolPallet</name>
<pose>Unspecified</pose>
<truncated>0</truncated>
<occluded>0</occluded>
<difficult>0</difficult>
<bndbox>
<xmin>99</xmin>
<ymin>194</ymin>
<xmax>126</xmax>
<ymax>238</ymax>
</bndbox>
<bndbox>
<xmin>268</xmin>
<ymin>223</ymin>
<xmax>318</xmax>
<ymax>268</ymax>
</bndbox>
</object>
</annotation>