<?xml version="1.0"?>
<annotation>
<folder>data</folder>
<filename>DJI_0011 0096.jpg</filename>
<path/>
<source>
<database>Unknown</database>
</source>
<size>
<width>480</width>
<height>270</height>
<depth>3</depth>
</size>
<segmented>0</segmented>
<object>
<name>RockwoolPallet</name>
<pose>Unspecified</pose>
<truncated>0</truncated>
<occluded>0</occluded>
<difficult>0</difficult>
<bndbox>
<xmin>246</xmin>
<ymin>224</ymin>
<xmax>304</xmax>
<ymax>272</ymax>
</bndbox>
<bndbox>
<xmin>384</xmin>
<ymin>165</ymin>
<xmax>431</xmax>
<ymax>244</ymax>
</bndbox>
</object>
</annotation>