<?xml version="1.0"?>
<annotation>
<folder>data</folder>
<filename>DJI_0011 0153.jpg</filename>
<path/>
<source>
<database>Unknown</database>
</source>
<size>
<width>480</width>
<height>270</height>
<depth>3</depth>
</size>
<segmented>0</segmented>
<object>
<name>RockwoolPallet</name>
<pose>Unspecified</pose>
<truncated>0</truncated>
<occluded>0</occluded>
<difficult>0</difficult>
<bndbox>
<xmin>212</xmin>
<ymin>53</ymin>
<xmax>254</xmax>
<ymax>111</ymax>
</bndbox>
<bndbox>
<xmin>288</xmin>
<ymin>77</ymin>
<xmax>335</xmax>
<ymax>138</ymax>
</bndbox>
</object>
</annotation>