<?xml version="1.0"?>
<annotation>
<folder>data</folder>
<filename>DJI_0012 0364.jpg</filename>
<path/>
<source>
<database>Unknown</database>
</source>
<size>
<width>480</width>
<height>270</height>
<depth>3</depth>
</size>
<segmented>0</segmented>
<object>
<name>RockwoolPallet</name>
<pose>Unspecified</pose>
<truncated>0</truncated>
<occluded>0</occluded>
<difficult>0</difficult>
<bndbox>
<xmin>373</xmin>
<ymin>102</ymin>
<xmax>381</xmax>
<ymax>113</ymax>
</bndbox>
<bndbox>
<xmin>378</xmin>
<ymin>104</ymin>
<xmax>384</xmax>
<ymax>112</ymax>
</bndbox>
</object>
</annotation>