<?xml version="1.0"?>
<annotation>
<folder>data</folder>
<filename>DJI_0011 0204.jpg</filename>
<path/>
<source>
<database>Unknown</database>
</source>
<size>
<width>480</width>
<height>270</height>
<depth>3</depth>
</size>
<segmented>0</segmented>
<object>
<name>RockwoolPallet</name>
<pose>Unspecified</pose>
<truncated>0</truncated>
<occluded>0</occluded>
<difficult>0</difficult>
<bndbox>
<xmin>199</xmin>
<ymin>67</ymin>
<xmax>224</xmax>
<ymax>109</ymax>
</bndbox>
<bndbox>
<xmin>275</xmin>
<ymin>60</ymin>
<xmax>301</xmax>
<ymax>94</ymax>
</bndbox>
</object>
</annotation>