<?xml version="1.0"?>
<annotation>
<folder>data</folder>
<filename>DJI_0011 0073.jpg</filename>
<path/>
<source>
<database>Unknown</database>
</source>
<size>
<width>480</width>
<height>270</height>
<depth>3</depth>
</size>
<segmented>0</segmented>
<object>
<name>RockwoolPallet</name>
<pose>Unspecified</pose>
<truncated>0</truncated>
<occluded>0</occluded>
<difficult>0</difficult>
<bndbox>
<xmin>125</xmin>
<ymin>110</ymin>
<xmax>163</xmax>
<ymax>153</ymax>
</bndbox>
<bndbox>
<xmin>231</xmin>
<ymin>81</ymin>
<xmax>252</xmax>
<ymax>120</ymax>
</bndbox>
</object>
</annotation>