<?xml version="1.0"?>
<annotation>
<folder>data</folder>
<filename>DJI_0011 0155.jpg</filename>
<path/>
<source>
<database>Unknown</database>
</source>
<size>
<width>480</width>
<height>270</height>
<depth>3</depth>
</size>
<segmented>0</segmented>
<object>
<name>RockwoolPallet</name>
<pose>Unspecified</pose>
<truncated>0</truncated>
<occluded>0</occluded>
<difficult>0</difficult>
<bndbox>
<xmin>275</xmin>
<ymin>90</ymin>
<xmax>325</xmax>
<ymax>152</ymax>
</bndbox>
<bndbox>
<xmin>202</xmin>
<ymin>58</ymin>
<xmax>246</xmax>
<ymax>122</ymax>
</bndbox>
</object>
</annotation>