<?xml version="1.0"?>
<annotation>
<folder>data</folder>
<filename>DJI_0011 0228.jpg</filename>
<path/>
<source>
<database>Unknown</database>
</source>
<size>
<width>480</width>
<height>270</height>
<depth>3</depth>
</size>
<segmented>0</segmented>
<object>
<name>RockwoolPallet</name>
<pose>Unspecified</pose>
<truncated>0</truncated>
<occluded>0</occluded>
<difficult>0</difficult>
<bndbox>
<xmin>94</xmin>
<ymin>144</ymin>
<xmax>135</xmax>
<ymax>201</ymax>
</bndbox>
<bndbox>
<xmin>306</xmin>
<ymin>218</ymin>
<xmax>352</xmax>
<ymax>269</ymax>
</bndbox>
</object>
</annotation>