<?xml version="1.0"?>
<annotation>
<folder>data</folder>
<filename>DJI_0012 0183.jpg</filename>
<path/>
<source>
<database>Unknown</database>
</source>
<size>
<width>480</width>
<height>270</height>
<depth>3</depth>
</size>
<segmented>0</segmented>
<object>
<name>RockwoolPallet</name>
<pose>Unspecified</pose>
<truncated>0</truncated>
<occluded>0</occluded>
<difficult>0</difficult>
<bndbox>
<xmin>202</xmin>
<ymin>51</ymin>
<xmax>224</xmax>
<ymax>76</ymax>
</bndbox>
<bndbox>
<xmin>192</xmin>
<ymin>61</ymin>
<xmax>223</xmax>
<ymax>111</ymax>
</bndbox>
</object>
</annotation>