<?xml version="1.0"?>
<annotation>
<folder>data</folder>
<filename>DJI_0012 0117.jpg</filename>
<path/>
<source>
<database>Unknown</database>
</source>
<size>
<width>480</width>
<height>270</height>
<depth>3</depth>
</size>
<segmented>0</segmented>
<object>
<name>RockwoolPallet</name>
<pose>Unspecified</pose>
<truncated>0</truncated>
<occluded>0</occluded>
<difficult>0</difficult>
<bndbox>
<xmin>254</xmin>
<ymin>173</ymin>
<xmax>268</xmax>
<ymax>207</ymax>
</bndbox>
<bndbox>
<xmin>275</xmin>
<ymin>195</ymin>
<xmax>311</xmax>
<ymax>250</ymax>
</bndbox>
</object>
</annotation>