<?xml version="1.0"?>
<annotation>
<folder>data</folder>
<filename>DJI_0011 0191.jpg</filename>
<path/>
<source>
<database>Unknown</database>
</source>
<size>
<width>480</width>
<height>270</height>
<depth>3</depth>
</size>
<segmented>0</segmented>
<object>
<name>RockwoolPallet</name>
<pose>Unspecified</pose>
<truncated>0</truncated>
<occluded>0</occluded>
<difficult>0</difficult>
<bndbox>
<xmin>276</xmin>
<ymin>45</ymin>
<xmax>297</xmax>
<ymax>76</ymax>
</bndbox>
<bndbox>
<xmin>273</xmin>
<ymin>66</ymin>
<xmax>303</xmax>
<ymax>107</ymax>
</bndbox>
</object>
</annotation>