<?xml version="1.0"?>
<annotation>
<folder>data</folder>
<filename>DJI_0012 0105.jpg</filename>
<path/>
<source>
<database>Unknown</database>
</source>
<size>
<width>480</width>
<height>270</height>
<depth>3</depth>
</size>
<segmented>0</segmented>
<object>
<name>RockwoolPallet</name>
<pose>Unspecified</pose>
<truncated>0</truncated>
<occluded>0</occluded>
<difficult>0</difficult>
<bndbox>
<xmin>133</xmin>
<ymin>171</ymin>
<xmax>165</xmax>
<ymax>214</ymax>
</bndbox>
<bndbox>
<xmin>334</xmin>
<ymin>197</ymin>
<xmax>382</xmax>
<ymax>262</ymax>
</bndbox>
</object>
</annotation>