<?xml version="1.0"?>
<annotation>
<folder>data</folder>
<filename>DJI_0012 0100.jpg</filename>
<path/>
<source>
<database>Unknown</database>
</source>
<size>
<width>480</width>
<height>270</height>
<depth>3</depth>
</size>
<segmented>0</segmented>
<object>
<name>RockwoolPallet</name>
<pose>Unspecified</pose>
<truncated>0</truncated>
<occluded>0</occluded>
<difficult>0</difficult>
<bndbox>
<xmin>335</xmin>
<ymin>193</ymin>
<xmax>370</xmax>
<ymax>245</ymax>
</bndbox>
<bndbox>
<xmin>75</xmin>
<ymin>182</ymin>
<xmax>112</xmax>
<ymax>228</ymax>
</bndbox>
</object>
</annotation>