<?xml version="1.0"?>
<annotation>
<folder>data</folder>
<filename>DJI_0011 0090.jpg</filename>
<path/>
<source>
<database>Unknown</database>
</source>
<size>
<width>480</width>
<height>270</height>
<depth>3</depth>
</size>
<segmented>0</segmented>
<object>
<name>RockwoolPallet</name>
<pose>Unspecified</pose>
<truncated>0</truncated>
<occluded>0</occluded>
<difficult>0</difficult>
<bndbox>
<xmin>226</xmin>
<ymin>143</ymin>
<xmax>270</xmax>
<ymax>204</ymax>
</bndbox>
<bndbox>
<xmin>362</xmin>
<ymin>120</ymin>
<xmax>390</xmax>
<ymax>174</ymax>
</bndbox>
</object>
</annotation>