<?xml version="1.0"?>
<annotation>
<folder>data</folder>
<filename>DJI_0011 0161.jpg</filename>
<path/>
<source>
<database>Unknown</database>
</source>
<size>
<width>480</width>
<height>270</height>
<depth>3</depth>
</size>
<segmented>0</segmented>
<object>
<name>RockwoolPallet</name>
<pose>Unspecified</pose>
<truncated>0</truncated>
<occluded>0</occluded>
<difficult>0</difficult>
<bndbox>
<xmin>38</xmin>
<ymin>54</ymin>
<xmax>92</xmax>
<ymax>122</ymax>
</bndbox>
<bndbox>
<xmin>85</xmin>
<ymin>83</ymin>
<xmax>151</xmax>
<ymax>162</ymax>
</bndbox>
</object>
</annotation>