<?xml version="1.0"?>
<annotation>
<folder>data</folder>
<filename>DJI_0012 0136.jpg</filename>
<path/>
<source>
<database>Unknown</database>
</source>
<size>
<width>480</width>
<height>270</height>
<depth>3</depth>
</size>
<segmented>0</segmented>
<object>
<name>RockwoolPallet</name>
<pose>Unspecified</pose>
<truncated>0</truncated>
<occluded>0</occluded>
<difficult>0</difficult>
<bndbox>
<xmin>299</xmin>
<ymin>160</ymin>
<xmax>318</xmax>
<ymax>188</ymax>
</bndbox>
<bndbox>
<xmin>276</xmin>
<ymin>163</ymin>
<xmax>298</xmax>
<ymax>198</ymax>
</bndbox>
</object>
</annotation>