<?xml version="1.0"?>
<annotation>
<folder>data</folder>
<filename>DJI_0012 0061.jpg</filename>
<path/>
<source>
<database>Unknown</database>
</source>
<size>
<width>480</width>
<height>270</height>
<depth>3</depth>
</size>
<segmented>0</segmented>
<object>
<name>RockwoolPallet</name>
<pose>Unspecified</pose>
<truncated>0</truncated>
<occluded>0</occluded>
<difficult>0</difficult>
<bndbox>
<xmin>197</xmin>
<ymin>222</ymin>
<xmax>231</xmax>
<ymax>270</ymax>
</bndbox>
<bndbox>
<xmin>327</xmin>
<ymin>158</ymin>
<xmax>348</xmax>
<ymax>182</ymax>
</bndbox>
</object>
</annotation>