<?xml version="1.0"?>
<annotation>
<folder>data</folder>
<filename>DJI_0011 0198.jpg</filename>
<path/>
<source>
<database>Unknown</database>
</source>
<size>
<width>480</width>
<height>270</height>
<depth>3</depth>
</size>
<segmented>0</segmented>
<object>
<name>RockwoolPallet</name>
<pose>Unspecified</pose>
<truncated>0</truncated>
<occluded>0</occluded>
<difficult>0</difficult>
<bndbox>
<xmin>250</xmin>
<ymin>65</ymin>
<xmax>283</xmax>
<ymax>110</ymax>
</bndbox>
<bndbox>
<xmin>301</xmin>
<ymin>51</ymin>
<xmax>327</xmax>
<ymax>86</ymax>
</bndbox>
</object>
</annotation>