<?xml version="1.0"?>
<annotation>
<folder>data</folder>
<filename>DJI_0011 0213.jpg</filename>
<path/>
<source>
<database>Unknown</database>
</source>
<size>
<width>480</width>
<height>270</height>
<depth>3</depth>
</size>
<segmented>0</segmented>
<object>
<name>RockwoolPallet</name>
<pose>Unspecified</pose>
<truncated>0</truncated>
<occluded>0</occluded>
<difficult>0</difficult>
<bndbox>
<xmin>142</xmin>
<ymin>36</ymin>
<xmax>176</xmax>
<ymax>95</ymax>
</bndbox>
<bndbox>
<xmin>281</xmin>
<ymin>49</ymin>
<xmax>322</xmax>
<ymax>102</ymax>
</bndbox>
</object>
</annotation>