<?xml version="1.0"?>
<annotation>
<folder>data</folder>
<filename>DJI_0012 0038.jpg</filename>
<path/>
<source>
<database>Unknown</database>
</source>
<size>
<width>480</width>
<height>270</height>
<depth>3</depth>
</size>
<segmented>0</segmented>
<object>
<name>RockwoolPallet</name>
<pose>Unspecified</pose>
<truncated>0</truncated>
<occluded>0</occluded>
<difficult>0</difficult>
<bndbox>
<xmin>218</xmin>
<ymin>137</ymin>
<xmax>241</xmax>
<ymax>165</ymax>
</bndbox>
<bndbox>
<xmin>225</xmin>
<ymin>250</ymin>
<xmax>260</xmax>
<ymax>270</ymax>
</bndbox>
</object>
</annotation>