<?xml version="1.0"?>
<annotation>
<folder>data</folder>
<filename>DJI_0011 0039.jpg</filename>
<path/>
<source>
<database>Unknown</database>
</source>
<size>
<width>480</width>
<height>270</height>
<depth>3</depth>
</size>
<segmented>0</segmented>
<object>
<name>RockwoolPallet</name>
<pose>Unspecified</pose>
<truncated>0</truncated>
<occluded>0</occluded>
<difficult>0</difficult>
<bndbox>
<xmin>176</xmin>
<ymin>84</ymin>
<xmax>227</xmax>
<ymax>147</ymax>
</bndbox>
<bndbox>
<xmin>291</xmin>
<ymin>35</ymin>
<xmax>322</xmax>
<ymax>70</ymax>
</bndbox>
</object>
</annotation>