<?xml version="1.0"?>
<annotation>
<folder>data</folder>
<filename>DJI_0012 0191.jpg</filename>
<path/>
<source>
<database>Unknown</database>
</source>
<size>
<width>480</width>
<height>270</height>
<depth>3</depth>
</size>
<segmented>0</segmented>
<object>
<name>RockwoolPallet</name>
<pose>Unspecified</pose>
<truncated>0</truncated>
<occluded>0</occluded>
<difficult>0</difficult>
<bndbox>
<xmin>109</xmin>
<ymin>38</ymin>
<xmax>130</xmax>
<ymax>49</ymax>
</bndbox>
<bndbox>
<xmin>101</xmin>
<ymin>46</ymin>
<xmax>137</xmax>
<ymax>91</ymax>
</bndbox>
</object>
</annotation>