<?xml version="1.0"?>
<annotation>
<folder>data</folder>
<filename>DJI_0011 0149.jpg</filename>
<path/>
<source>
<database>Unknown</database>
</source>
<size>
<width>480</width>
<height>270</height>
<depth>3</depth>
</size>
<segmented>0</segmented>
<object>
<name>RockwoolPallet</name>
<pose>Unspecified</pose>
<truncated>0</truncated>
<occluded>0</occluded>
<difficult>0</difficult>
<bndbox>
<xmin>139</xmin>
<ymin>54</ymin>
<xmax>185</xmax>
<ymax>108</ymax>
</bndbox>
<bndbox>
<xmin>215</xmin>
<ymin>62</ymin>
<xmax>265</xmax>
<ymax>121</ymax>
</bndbox>
</object>
</annotation>