<?xml version="1.0"?>
<annotation>
<folder>data</folder>
<filename>DJI_0012 0173.jpg</filename>
<path/>
<source>
<database>Unknown</database>
</source>
<size>
<width>480</width>
<height>270</height>
<depth>3</depth>
</size>
<segmented>0</segmented>
<object>
<name>RockwoolPallet</name>
<pose>Unspecified</pose>
<truncated>0</truncated>
<occluded>0</occluded>
<difficult>0</difficult>
<bndbox>
<xmin>217</xmin>
<ymin>190</ymin>
<xmax>242</xmax>
<ymax>236</ymax>
</bndbox>
<bndbox>
<xmin>203</xmin>
<ymin>203</ymin>
<xmax>237</xmax>
<ymax>266</ymax>
</bndbox>
</object>
</annotation>