<?xml version="1.0"?>
<annotation>
<folder>data</folder>
<filename>DJI_0012 0070.jpg</filename>
<path/>
<source>
<database>Unknown</database>
</source>
<size>
<width>480</width>
<height>270</height>
<depth>3</depth>
</size>
<segmented>0</segmented>
<object>
<name>RockwoolPallet</name>
<pose>Unspecified</pose>
<truncated>0</truncated>
<occluded>0</occluded>
<difficult>0</difficult>
<bndbox>
<xmin>287</xmin>
<ymin>150</ymin>
<xmax>305</xmax>
<ymax>180</ymax>
</bndbox>
<bndbox>
<xmin>77</xmin>
<ymin>223</ymin>
<xmax>118</xmax>
<ymax>272</ymax>
</bndbox>
</object>
</annotation>