<?xml version="1.0"?>
<annotation>
<folder>data</folder>
<filename>DJI_0012 0106.jpg</filename>
<path/>
<source>
<database>Unknown</database>
</source>
<size>
<width>480</width>
<height>270</height>
<depth>3</depth>
</size>
<segmented>0</segmented>
<object>
<name>RockwoolPallet</name>
<pose>Unspecified</pose>
<truncated>0</truncated>
<occluded>0</occluded>
<difficult>0</difficult>
<bndbox>
<xmin>112</xmin>
<ymin>189</ymin>
<xmax>145</xmax>
<ymax>233</ymax>
</bndbox>
<bndbox>
<xmin>302</xmin>
<ymin>218</ymin>
<xmax>348</xmax>
<ymax>270</ymax>
</bndbox>
</object>
</annotation>