<?xml version="1.0"?>
<annotation>
<folder>data</folder>
<filename>DJI_0012 0069.jpg</filename>
<path/>
<source>
<database>Unknown</database>
</source>
<size>
<width>480</width>
<height>270</height>
<depth>3</depth>
</size>
<segmented>0</segmented>
<object>
<name>RockwoolPallet</name>
<pose>Unspecified</pose>
<truncated>0</truncated>
<occluded>0</occluded>
<difficult>0</difficult>
<bndbox>
<xmin>92</xmin>
<ymin>222</ymin>
<xmax>136</xmax>
<ymax>271</ymax>
</bndbox>
<bndbox>
<xmin>296</xmin>
<ymin>153</ymin>
<xmax>313</xmax>
<ymax>186</ymax>
</bndbox>
</object>
</annotation>