<?xml version="1.0"?>
<annotation>
<folder>data</folder>
<filename>DJI_0012 0158.jpg</filename>
<path/>
<source>
<database>Unknown</database>
</source>
<size>
<width>480</width>
<height>270</height>
<depth>3</depth>
</size>
<segmented>0</segmented>
<object>
<name>RockwoolPallet</name>
<pose>Unspecified</pose>
<truncated>0</truncated>
<occluded>0</occluded>
<difficult>0</difficult>
<bndbox>
<xmin>395</xmin>
<ymin>202</ymin>
<xmax>439</xmax>
<ymax>265</ymax>
</bndbox>
<bndbox>
<xmin>350</xmin>
<ymin>209</ymin>
<xmax>392</xmax>
<ymax>267</ymax>
</bndbox>
</object>
</annotation>