<?xml version="1.0"?>
<annotation>
<folder>data</folder>
<filename>DJI_0011 0098.jpg</filename>
<path/>
<source>
<database>Unknown</database>
</source>
<size>
<width>480</width>
<height>270</height>
<depth>3</depth>
</size>
<segmented>0</segmented>
<object>
<name>RockwoolPallet</name>
<pose>Unspecified</pose>
<truncated>0</truncated>
<occluded>0</occluded>
<difficult>0</difficult>
<bndbox>
<xmin>263</xmin>
<ymin>258</ymin>
<xmax>326</xmax>
<ymax>269</ymax>
</bndbox>
<bndbox>
<xmin>392</xmin>
<ymin>180</ymin>
<xmax>451</xmax>
<ymax>269</ymax>
</bndbox>
</object>
</annotation>