<?xml version="1.0"?>
<annotation>
<folder>data</folder>
<filename>DJI_0012 0190.jpg</filename>
<path/>
<source>
<database>Unknown</database>
</source>
<size>
<width>480</width>
<height>270</height>
<depth>3</depth>
</size>
<segmented>0</segmented>
<object>
<name>RockwoolPallet</name>
<pose>Unspecified</pose>
<truncated>0</truncated>
<occluded>0</occluded>
<difficult>0</difficult>
<bndbox>
<xmin>135</xmin>
<ymin>37</ymin>
<xmax>157</xmax>
<ymax>48</ymax>
</bndbox>
<bndbox>
<xmin>130</xmin>
<ymin>48</ymin>
<xmax>161</xmax>
<ymax>90</ymax>
</bndbox>
</object>
</annotation>