<?xml version="1.0"?>
<annotation>
<folder>data</folder>
<filename>DJI_0011 0024.jpg</filename>
<path/>
<source>
<database>Unknown</database>
</source>
<size>
<width>480</width>
<height>270</height>
<depth>3</depth>
</size>
<segmented>0</segmented>
<object>
<name>RockwoolPallet</name>
<pose>Unspecified</pose>
<truncated>0</truncated>
<occluded>0</occluded>
<difficult>0</difficult>
<bndbox>
<xmin>119</xmin>
<ymin>84</ymin>
<xmax>175</xmax>
<ymax>145</ymax>
</bndbox>
<bndbox>
<xmin>195</xmin>
<ymin>33</ymin>
<xmax>222</xmax>
<ymax>65</ymax>
</bndbox>
</object>
</annotation>