<?xml version="1.0"?>
<annotation>
<folder>data</folder>
<filename>DJI_0011 0020.jpg</filename>
<path/>
<source>
<database>Unknown</database>
</source>
<size>
<width>480</width>
<height>270</height>
<depth>3</depth>
</size>
<segmented>0</segmented>
<object>
<name>RockwoolPallet</name>
<pose>Unspecified</pose>
<truncated>0</truncated>
<occluded>0</occluded>
<difficult>0</difficult>
<bndbox>
<xmin>117</xmin>
<ymin>68</ymin>
<xmax>173</xmax>
<ymax>128</ymax>
</bndbox>
<bndbox>
<xmin>194</xmin>
<ymin>25</ymin>
<xmax>223</xmax>
<ymax>56</ymax>
</bndbox>
</object>
</annotation>