<?xml version="1.0"?>
<annotation>
<folder>data</folder>
<filename>DJI_0012 0363.jpg</filename>
<path/>
<source>
<database>Unknown</database>
</source>
<size>
<width>480</width>
<height>270</height>
<depth>3</depth>
</size>
<segmented>0</segmented>
<object>
<name>RockwoolPallet</name>
<pose>Unspecified</pose>
<truncated>0</truncated>
<occluded>0</occluded>
<difficult>0</difficult>
<bndbox>
<xmin>451</xmin>
<ymin>104</ymin>
<xmax>461</xmax>
<ymax>119</ymax>
</bndbox>
<bndbox>
<xmin>456</xmin>
<ymin>106</ymin>
<xmax>464</xmax>
<ymax>120</ymax>
</bndbox>
</object>
</annotation>