<?xml version="1.0"?>
<annotation>
<folder>data</folder>
<filename>DJI_0012 0098.jpg</filename>
<path/>
<source>
<database>Unknown</database>
</source>
<size>
<width>480</width>
<height>270</height>
<depth>3</depth>
</size>
<segmented>0</segmented>
<object>
<name>RockwoolPallet</name>
<pose>Unspecified</pose>
<truncated>0</truncated>
<occluded>0</occluded>
<difficult>0</difficult>
<bndbox>
<xmin>352</xmin>
<ymin>199</ymin>
<xmax>392</xmax>
<ymax>253</ymax>
</bndbox>
<bndbox>
<xmin>79</xmin>
<ymin>190</ymin>
<xmax>118</xmax>
<ymax>234</ymax>
</bndbox>
</object>
</annotation>