<?xml version="1.0"?>
<annotation>
<folder>data</folder>
<filename>DJI_0012 0138.jpg</filename>
<path/>
<source>
<database>Unknown</database>
</source>
<size>
<width>480</width>
<height>270</height>
<depth>3</depth>
</size>
<segmented>0</segmented>
<object>
<name>RockwoolPallet</name>
<pose>Unspecified</pose>
<truncated>0</truncated>
<occluded>0</occluded>
<difficult>0</difficult>
<bndbox>
<xmin>291</xmin>
<ymin>159</ymin>
<xmax>311</xmax>
<ymax>190</ymax>
</bndbox>
<bndbox>
<xmin>268</xmin>
<ymin>163</ymin>
<xmax>289</xmax>
<ymax>194</ymax>
</bndbox>
</object>
</annotation>