<?xml version="1.0"?>
<annotation>
<folder>data</folder>
<filename>DJI_0012 0122.jpg</filename>
<path/>
<source>
<database>Unknown</database>
</source>
<size>
<width>480</width>
<height>270</height>
<depth>3</depth>
</size>
<segmented>0</segmented>
<object>
<name>RockwoolPallet</name>
<pose>Unspecified</pose>
<truncated>0</truncated>
<occluded>0</occluded>
<difficult>0</difficult>
<bndbox>
<xmin>258</xmin>
<ymin>166</ymin>
<xmax>274</xmax>
<ymax>183</ymax>
</bndbox>
<bndbox>
<xmin>255</xmin>
<ymin>183</ymin>
<xmax>282</xmax>
<ymax>225</ymax>
</bndbox>
</object>
</annotation>