<?xml version="1.0"?>
<annotation>
<folder>data</folder>
<filename>DJI_0012 0182.jpg</filename>
<path/>
<source>
<database>Unknown</database>
</source>
<size>
<width>480</width>
<height>270</height>
<depth>3</depth>
</size>
<segmented>0</segmented>
<object>
<name>RockwoolPallet</name>
<pose>Unspecified</pose>
<truncated>0</truncated>
<occluded>0</occluded>
<difficult>0</difficult>
<bndbox>
<xmin>205</xmin>
<ymin>51</ymin>
<xmax>227</xmax>
<ymax>78</ymax>
</bndbox>
<bndbox>
<xmin>195</xmin>
<ymin>64</ymin>
<xmax>225</xmax>
<ymax>112</ymax>
</bndbox>
</object>
</annotation>