<?xml version="1.0"?>
<annotation>
<folder>data</folder>
<filename>DJI_0011 0173.jpg</filename>
<path/>
<source>
<database>Unknown</database>
</source>
<size>
<width>480</width>
<height>270</height>
<depth>3</depth>
</size>
<segmented>0</segmented>
<object>
<name>RockwoolPallet</name>
<pose>Unspecified</pose>
<truncated>0</truncated>
<occluded>0</occluded>
<difficult>0</difficult>
<bndbox>
<xmin>293</xmin>
<ymin>66</ymin>
<xmax>316</xmax>
<ymax>106</ymax>
</bndbox>
<bndbox>
<xmin>320</xmin>
<ymin>83</ymin>
<xmax>356</xmax>
<ymax>126</ymax>
</bndbox>
</object>
</annotation>