<?xml version="1.0"?>
<annotation>
<folder>data</folder>
<filename>DJI_0012 0123.jpg</filename>
<path/>
<source>
<database>Unknown</database>
</source>
<size>
<width>480</width>
<height>270</height>
<depth>3</depth>
</size>
<segmented>0</segmented>
<object>
<name>RockwoolPallet</name>
<pose>Unspecified</pose>
<truncated>0</truncated>
<occluded>0</occluded>
<difficult>0</difficult>
<bndbox>
<xmin>256</xmin>
<ymin>164</ymin>
<xmax>273</xmax>
<ymax>180</ymax>
</bndbox>
<bndbox>
<xmin>247</xmin>
<ymin>178</ymin>
<xmax>277</xmax>
<ymax>221</ymax>
</bndbox>
</object>
</annotation>