<?xml version="1.0"?>
<annotation>
<folder>data</folder>
<filename>DJI_0011 0211.jpg</filename>
<path/>
<source>
<database>Unknown</database>
</source>
<size>
<width>480</width>
<height>270</height>
<depth>3</depth>
</size>
<segmented>0</segmented>
<object>
<name>RockwoolPallet</name>
<pose>Unspecified</pose>
<truncated>0</truncated>
<occluded>0</occluded>
<difficult>0</difficult>
<bndbox>
<xmin>145</xmin>
<ymin>15</ymin>
<xmax>179</xmax>
<ymax>74</ymax>
</bndbox>
<bndbox>
<xmin>279</xmin>
<ymin>16</ymin>
<xmax>322</xmax>
<ymax>74</ymax>
</bndbox>
</object>
</annotation>