<?xml version="1.0"?>
<annotation>
<folder>data</folder>
<filename>DJI_0012 0049.jpg</filename>
<path/>
<source>
<database>Unknown</database>
</source>
<size>
<width>480</width>
<height>270</height>
<depth>3</depth>
</size>
<segmented>0</segmented>
<object>
<name>RockwoolPallet</name>
<pose>Unspecified</pose>
<truncated>0</truncated>
<occluded>0</occluded>
<difficult>0</difficult>
<bndbox>
<xmin>231</xmin>
<ymin>160</ymin>
<xmax>251</xmax>
<ymax>186</ymax>
</bndbox>
<bndbox>
<xmin>211</xmin>
<ymin>239</ymin>
<xmax>240</xmax>
<ymax>270</ymax>
</bndbox>
</object>
</annotation>