<?xml version="1.0"?>
<annotation>
<folder>data</folder>
<filename>DJI_0011 0093.jpg</filename>
<path/>
<source>
<database>Unknown</database>
</source>
<size>
<width>480</width>
<height>270</height>
<depth>3</depth>
</size>
<segmented>0</segmented>
<object>
<name>RockwoolPallet</name>
<pose>Unspecified</pose>
<truncated>0</truncated>
<occluded>0</occluded>
<difficult>0</difficult>
<bndbox>
<xmin>229</xmin>
<ymin>178</ymin>
<xmax>278</xmax>
<ymax>247</ymax>
</bndbox>
<bndbox>
<xmin>371</xmin>
<ymin>144</ymin>
<xmax>408</xmax>
<ymax>205</ymax>
</bndbox>
</object>
</annotation>