<?xml version="1.0"?>
<annotation>
<folder>data</folder>
<filename>DJI_0012 0130.jpg</filename>
<path/>
<source>
<database>Unknown</database>
</source>
<size>
<width>480</width>
<height>270</height>
<depth>3</depth>
</size>
<segmented>0</segmented>
<object>
<name>RockwoolPallet</name>
<pose>Unspecified</pose>
<truncated>0</truncated>
<occluded>0</occluded>
<difficult>0</difficult>
<bndbox>
<xmin>322</xmin>
<ymin>165</ymin>
<xmax>343</xmax>
<ymax>201</ymax>
</bndbox>
<bndbox>
<xmin>339</xmin>
<ymin>154</ymin>
<xmax>358</xmax>
<ymax>189</ymax>
</bndbox>
</object>
</annotation>