<?xml version="1.0"?>
<annotation>
<folder>data</folder>
<filename>DJI_0011 0010.jpg</filename>
<path/>
<source>
<database>Unknown</database>
</source>
<size>
<width>480</width>
<height>270</height>
<depth>3</depth>
</size>
<segmented>0</segmented>
<object>
<name>RockwoolPallet</name>
<pose>Unspecified</pose>
<truncated>0</truncated>
<occluded>0</occluded>
<difficult>0</difficult>
<bndbox>
<xmin>194</xmin>
<ymin>15</ymin>
<xmax>222</xmax>
<ymax>50</ymax>
</bndbox>
<bndbox>
<xmin>114</xmin>
<ymin>55</ymin>
<xmax>170</xmax>
<ymax>115</ymax>
</bndbox>
</object>
</annotation>