<?xml version="1.0"?>
<annotation>
<folder>data</folder>
<filename>DJI_0011 0043.jpg</filename>
<path/>
<source>
<database>Unknown</database>
</source>
<size>
<width>480</width>
<height>270</height>
<depth>3</depth>
</size>
<segmented>0</segmented>
<object>
<name>RockwoolPallet</name>
<pose>Unspecified</pose>
<truncated>0</truncated>
<occluded>0</occluded>
<difficult>0</difficult>
<bndbox>
<xmin>168</xmin>
<ymin>85</ymin>
<xmax>215</xmax>
<ymax>140</ymax>
</bndbox>
<bndbox>
<xmin>294</xmin>
<ymin>39</ymin>
<xmax>324</xmax>
<ymax>76</ymax>
</bndbox>
</object>
</annotation>