<?xml version="1.0"?>
<annotation>
<folder>data</folder>
<filename>DJI_0011 0022.jpg</filename>
<path/>
<source>
<database>Unknown</database>
</source>
<size>
<width>480</width>
<height>270</height>
<depth>3</depth>
</size>
<segmented>0</segmented>
<object>
<name>RockwoolPallet</name>
<pose>Unspecified</pose>
<truncated>0</truncated>
<occluded>0</occluded>
<difficult>0</difficult>
<bndbox>
<xmin>196</xmin>
<ymin>26</ymin>
<xmax>221</xmax>
<ymax>60</ymax>
</bndbox>
<bndbox>
<xmin>117</xmin>
<ymin>73</ymin>
<xmax>177</xmax>
<ymax>138</ymax>
</bndbox>
</object>
</annotation>