<?xml version="1.0"?>
<annotation>
<folder>data</folder>
<filename>DJI_0011 0064.jpg</filename>
<path/>
<source>
<database>Unknown</database>
</source>
<size>
<width>480</width>
<height>270</height>
<depth>3</depth>
</size>
<segmented>0</segmented>
<object>
<name>RockwoolPallet</name>
<pose>Unspecified</pose>
<truncated>0</truncated>
<occluded>0</occluded>
<difficult>0</difficult>
<bndbox>
<xmin>243</xmin>
<ymin>111</ymin>
<xmax>273</xmax>
<ymax>155</ymax>
</bndbox>
<bndbox>
<xmin>342</xmin>
<ymin>85</ymin>
<xmax>366</xmax>
<ymax>122</ymax>
</bndbox>
</object>
</annotation>