<?xml version="1.0"?>
<annotation>
<folder>data</folder>
<filename>DJI_0011 0207.jpg</filename>
<path/>
<source>
<database>Unknown</database>
</source>
<size>
<width>480</width>
<height>270</height>
<depth>3</depth>
</size>
<segmented>0</segmented>
<object>
<name>RockwoolPallet</name>
<pose>Unspecified</pose>
<truncated>0</truncated>
<occluded>0</occluded>
<difficult>0</difficult>
<bndbox>
<xmin>175</xmin>
<ymin>-1</ymin>
<xmax>203</xmax>
<ymax>48</ymax>
</bndbox>
<bndbox>
<xmin>274</xmin>
<ymin>0</ymin>
<xmax>308</xmax>
<ymax>33</ymax>
</bndbox>
</object>
</annotation>