<?xml version="1.0"?>
<annotation>
<folder>data</folder>
<filename>DJI_0012 0197.jpg</filename>
<path/>
<source>
<database>Unknown</database>
</source>
<size>
<width>480</width>
<height>270</height>
<depth>3</depth>
</size>
<segmented>0</segmented>
<object>
<name>RockwoolPallet</name>
<pose>Unspecified</pose>
<truncated>0</truncated>
<occluded>0</occluded>
<difficult>0</difficult>
<bndbox>
<xmin>77</xmin>
<ymin>38</ymin>
<xmax>95</xmax>
<ymax>52</ymax>
</bndbox>
<bndbox>
<xmin>77</xmin>
<ymin>49</ymin>
<xmax>113</xmax>
<ymax>97</ymax>
</bndbox>
</object>
</annotation>