<?xml version="1.0"?>
<annotation>
<folder>data</folder>
<filename>DJI_0011 0031.jpg</filename>
<path/>
<source>
<database>Unknown</database>
</source>
<size>
<width>480</width>
<height>270</height>
<depth>3</depth>
</size>
<segmented>0</segmented>
<object>
<name>RockwoolPallet</name>
<pose>Unspecified</pose>
<truncated>0</truncated>
<occluded>0</occluded>
<difficult>0</difficult>
<bndbox>
<xmin>172</xmin>
<ymin>84</ymin>
<xmax>225</xmax>
<ymax>143</ymax>
</bndbox>
<bndbox>
<xmin>254</xmin>
<ymin>31</ymin>
<xmax>278</xmax>
<ymax>67</ymax>
</bndbox>
</object>
</annotation>