<?xml version="1.0"?>
<annotation>
<folder>data</folder>
<filename>DJI_0011 0199.jpg</filename>
<path/>
<source>
<database>Unknown</database>
</source>
<size>
<width>480</width>
<height>270</height>
<depth>3</depth>
</size>
<segmented>0</segmented>
<object>
<name>RockwoolPallet</name>
<pose>Unspecified</pose>
<truncated>0</truncated>
<occluded>0</occluded>
<difficult>0</difficult>
<bndbox>
<xmin>240</xmin>
<ymin>63</ymin>
<xmax>268</xmax>
<ymax>104</ymax>
</bndbox>
<bndbox>
<xmin>296</xmin>
<ymin>52</ymin>
<xmax>320</xmax>
<ymax>86</ymax>
</bndbox>
</object>
</annotation>