<?xml version="1.0"?>
<annotation>
<folder>data</folder>
<filename>DJI_0012 0111.jpg</filename>
<path/>
<source>
<database>Unknown</database>
</source>
<size>
<width>480</width>
<height>270</height>
<depth>3</depth>
</size>
<segmented>0</segmented>
<object>
<name>RockwoolPallet</name>
<pose>Unspecified</pose>
<truncated>0</truncated>
<occluded>0</occluded>
<difficult>0</difficult>
<bndbox>
<xmin>42</xmin>
<ymin>188</ymin>
<xmax>71</xmax>
<ymax>230</ymax>
</bndbox>
<bndbox>
<xmin>146</xmin>
<ymin>213</ymin>
<xmax>194</xmax>
<ymax>271</ymax>
</bndbox>
</object>
</annotation>