<?xml version="1.0"?>
<annotation>
<folder>data</folder>
<filename>DJI_0011 0047.jpg</filename>
<path/>
<source>
<database>Unknown</database>
</source>
<size>
<width>480</width>
<height>270</height>
<depth>3</depth>
</size>
<segmented>0</segmented>
<object>
<name>RockwoolPallet</name>
<pose>Unspecified</pose>
<truncated>0</truncated>
<occluded>0</occluded>
<difficult>0</difficult>
<bndbox>
<xmin>147</xmin>
<ymin>98</ymin>
<xmax>196</xmax>
<ymax>156</ymax>
</bndbox>
<bndbox>
<xmin>277</xmin>
<ymin>51</ymin>
<xmax>309</xmax>
<ymax>86</ymax>
</bndbox>
</object>
</annotation>