<?xml version="1.0"?>
<annotation>
<folder>data</folder>
<filename>DJI_0011 0082.jpg</filename>
<path/>
<source>
<database>Unknown</database>
</source>
<size>
<width>480</width>
<height>270</height>
<depth>3</depth>
</size>
<segmented>0</segmented>
<object>
<name>RockwoolPallet</name>
<pose>Unspecified</pose>
<truncated>0</truncated>
<occluded>0</occluded>
<difficult>0</difficult>
<bndbox>
<xmin>246</xmin>
<ymin>107</ymin>
<xmax>279</xmax>
<ymax>152</ymax>
</bndbox>
<bndbox>
<xmin>354</xmin>
<ymin>96</ymin>
<xmax>382</xmax>
<ymax>136</ymax>
</bndbox>
</object>
</annotation>