<?xml version="1.0"?>
<annotation>
<folder>data</folder>
<filename>DJI_0012 0116.jpg</filename>
<path/>
<source>
<database>Unknown</database>
</source>
<size>
<width>480</width>
<height>270</height>
<depth>3</depth>
</size>
<segmented>0</segmented>
<object>
<name>RockwoolPallet</name>
<pose>Unspecified</pose>
<truncated>0</truncated>
<occluded>0</occluded>
<difficult>0</difficult>
<bndbox>
<xmin>221</xmin>
<ymin>173</ymin>
<xmax>237</xmax>
<ymax>208</ymax>
</bndbox>
<bndbox>
<xmin>248</xmin>
<ymin>196</ymin>
<xmax>288</xmax>
<ymax>250</ymax>
</bndbox>
</object>
</annotation>