<?xml version="1.0"?>
<annotation>
<folder>data</folder>
<filename>DJI_0012 0154.jpg</filename>
<path/>
<source>
<database>Unknown</database>
</source>
<size>
<width>480</width>
<height>270</height>
<depth>3</depth>
</size>
<segmented>0</segmented>
<object>
<name>RockwoolPallet</name>
<pose>Unspecified</pose>
<truncated>0</truncated>
<occluded>0</occluded>
<difficult>0</difficult>
<bndbox>
<xmin>356</xmin>
<ymin>183</ymin>
<xmax>395</xmax>
<ymax>231</ymax>
</bndbox>
<bndbox>
<xmin>320</xmin>
<ymin>184</ymin>
<xmax>355</xmax>
<ymax>234</ymax>
</bndbox>
</object>
</annotation>