<?xml version="1.0"?>
<annotation>
<folder>data</folder>
<filename>DJI_0011 0029.jpg</filename>
<path/>
<source>
<database>Unknown</database>
</source>
<size>
<width>480</width>
<height>270</height>
<depth>3</depth>
</size>
<segmented>0</segmented>
<object>
<name>RockwoolPallet</name>
<pose>Unspecified</pose>
<truncated>0</truncated>
<occluded>0</occluded>
<difficult>0</difficult>
<bndbox>
<xmin>178</xmin>
<ymin>83</ymin>
<xmax>230</xmax>
<ymax>142</ymax>
</bndbox>
<bndbox>
<xmin>254</xmin>
<ymin>33</ymin>
<xmax>282</xmax>
<ymax>66</ymax>
</bndbox>
</object>
</annotation>