<?xml version="1.0"?>
<annotation>
<folder>data</folder>
<filename>DJI_0012 0174.jpg</filename>
<path/>
<source>
<database>Unknown</database>
</source>
<size>
<width>480</width>
<height>270</height>
<depth>3</depth>
</size>
<segmented>0</segmented>
<object>
<name>RockwoolPallet</name>
<pose>Unspecified</pose>
<truncated>0</truncated>
<occluded>0</occluded>
<difficult>0</difficult>
<bndbox>
<xmin>215</xmin>
<ymin>158</ymin>
<xmax>239</xmax>
<ymax>199</ymax>
</bndbox>
<bndbox>
<xmin>201</xmin>
<ymin>173</ymin>
<xmax>235</xmax>
<ymax>231</ymax>
</bndbox>
</object>
</annotation>