<?xml version="1.0"?>
<annotation>
<folder>data</folder>
<filename>DJI_0012 0093.jpg</filename>
<path/>
<source>
<database>Unknown</database>
</source>
<size>
<width>480</width>
<height>270</height>
<depth>3</depth>
</size>
<segmented>0</segmented>
<object>
<name>RockwoolPallet</name>
<pose>Unspecified</pose>
<truncated>0</truncated>
<occluded>0</occluded>
<difficult>0</difficult>
<bndbox>
<xmin>90</xmin>
<ymin>215</ymin>
<xmax>128</xmax>
<ymax>260</ymax>
</bndbox>
<bndbox>
<xmin>405</xmin>
<ymin>228</ymin>
<xmax>447</xmax>
<ymax>270</ymax>
</bndbox>
</object>
</annotation>