<?xml version="1.0"?>
<annotation>
<folder>data</folder>
<filename>DJI_0012 0381.jpg</filename>
<path/>
<source>
<database>Unknown</database>
</source>
<size>
<width>480</width>
<height>270</height>
<depth>3</depth>
</size>
<segmented>0</segmented>
<object>
<name>RockwoolPallet</name>
<pose>Unspecified</pose>
<truncated>0</truncated>
<occluded>0</occluded>
<difficult>0</difficult>
<bndbox>
<xmin>220</xmin>
<ymin>91</ymin>
<xmax>226</xmax>
<ymax>103</ymax>
</bndbox>
<bndbox>
<xmin>217</xmin>
<ymin>91</ymin>
<xmax>223</xmax>
<ymax>104</ymax>
</bndbox>
</object>
</annotation>