<?xml version="1.0"?>
<annotation>
<folder>data</folder>
<filename>DJI_0012 0146.jpg</filename>
<path/>
<source>
<database>Unknown</database>
</source>
<size>
<width>480</width>
<height>270</height>
<depth>3</depth>
</size>
<segmented>0</segmented>
<object>
<name>RockwoolPallet</name>
<pose>Unspecified</pose>
<truncated>0</truncated>
<occluded>0</occluded>
<difficult>0</difficult>
<bndbox>
<xmin>331</xmin>
<ymin>165</ymin>
<xmax>354</xmax>
<ymax>196</ymax>
</bndbox>
<bndbox>
<xmin>303</xmin>
<ymin>165</ymin>
<xmax>328</xmax>
<ymax>199</ymax>
</bndbox>
</object>
</annotation>