<?xml version="1.0"?>
<annotation>
<folder>data</folder>
<filename>DJI_0012 0104.jpg</filename>
<path/>
<source>
<database>Unknown</database>
</source>
<size>
<width>480</width>
<height>270</height>
<depth>3</depth>
</size>
<segmented>0</segmented>
<object>
<name>RockwoolPallet</name>
<pose>Unspecified</pose>
<truncated>0</truncated>
<occluded>0</occluded>
<difficult>0</difficult>
<bndbox>
<xmin>361</xmin>
<ymin>198</ymin>
<xmax>405</xmax>
<ymax>256</ymax>
</bndbox>
<bndbox>
<xmin>145</xmin>
<ymin>169</ymin>
<xmax>177</xmax>
<ymax>211</ymax>
</bndbox>
</object>
</annotation>