<?xml version="1.0"?>
<annotation>
<folder>data</folder>
<filename>DJI_0011 0103.jpg</filename>
<path/>
<source>
<database>Unknown</database>
</source>
<size>
<width>480</width>
<height>270</height>
<depth>3</depth>
</size>
<segmented>0</segmented>
<object>
<name>RockwoolPallet</name>
<pose>Unspecified</pose>
<truncated>0</truncated>
<occluded>0</occluded>
<difficult>0</difficult>
<bndbox>
<xmin>288</xmin>
<ymin>180</ymin>
<xmax>385</xmax>
<ymax>266</ymax>
</bndbox>
<bndbox>
<xmin>402</xmin>
<ymin>95</ymin>
<xmax>473</xmax>
<ymax>183</ymax>
</bndbox>
</object>
</annotation>