<?xml version="1.0"?>
<annotation>
<folder>data</folder>
<filename>DJI_0012 0393.jpg</filename>
<path/>
<source>
<database>Unknown</database>
</source>
<size>
<width>480</width>
<height>270</height>
<depth>3</depth>
</size>
<segmented>0</segmented>
<object>
<name>RockwoolPallet</name>
<pose>Unspecified</pose>
<truncated>0</truncated>
<occluded>0</occluded>
<difficult>0</difficult>
<bndbox>
<xmin>247</xmin>
<ymin>88</ymin>
<xmax>254</xmax>
<ymax>99</ymax>
</bndbox>
<bndbox>
<xmin>242</xmin>
<ymin>87</ymin>
<xmax>249</xmax>
<ymax>100</ymax>
</bndbox>
</object>
</annotation>