<?xml version="1.0"?>
<annotation>
<folder>data</folder>
<filename>DJI_0011 0219.jpg</filename>
<path/>
<source>
<database>Unknown</database>
</source>
<size>
<width>480</width>
<height>270</height>
<depth>3</depth>
</size>
<segmented>0</segmented>
<object>
<name>RockwoolPallet</name>
<pose>Unspecified</pose>
<truncated>0</truncated>
<occluded>0</occluded>
<difficult>0</difficult>
<bndbox>
<xmin>148</xmin>
<ymin>72</ymin>
<xmax>176</xmax>
<ymax>122</ymax>
</bndbox>
<bndbox>
<xmin>290</xmin>
<ymin>97</ymin>
<xmax>330</xmax>
<ymax>151</ymax>
</bndbox>
</object>
</annotation>