<?xml version="1.0"?>
<annotation>
<folder>data</folder>
<filename>DJI_0012 0124.jpg</filename>
<path/>
<source>
<database>Unknown</database>
</source>
<size>
<width>480</width>
<height>270</height>
<depth>3</depth>
</size>
<segmented>0</segmented>
<object>
<name>RockwoolPallet</name>
<pose>Unspecified</pose>
<truncated>0</truncated>
<occluded>0</occluded>
<difficult>0</difficult>
<bndbox>
<xmin>253</xmin>
<ymin>162</ymin>
<xmax>270</xmax>
<ymax>176</ymax>
</bndbox>
<bndbox>
<xmin>244</xmin>
<ymin>174</ymin>
<xmax>271</xmax>
<ymax>218</ymax>
</bndbox>
</object>
</annotation>