<?xml version="1.0"?>
<annotation>
<folder>data</folder>
<filename>DJI_0011 0144.jpg</filename>
<path/>
<source>
<database>Unknown</database>
</source>
<size>
<width>480</width>
<height>270</height>
<depth>3</depth>
</size>
<segmented>0</segmented>
<object>
<name>RockwoolPallet</name>
<pose>Unspecified</pose>
<truncated>0</truncated>
<occluded>0</occluded>
<difficult>0</difficult>
<bndbox>
<xmin>-1</xmin>
<ymin>56</ymin>
<xmax>45</xmax>
<ymax>122</ymax>
</bndbox>
<bndbox>
<xmin>76</xmin>
<ymin>56</ymin>
<xmax>130</xmax>
<ymax>108</ymax>
</bndbox>
</object>
</annotation>