<?xml version="1.0"?>
<annotation>
<folder>data</folder>
<filename>DJI_0011 0023.jpg</filename>
<path/>
<source>
<database>Unknown</database>
</source>
<size>
<width>480</width>
<height>270</height>
<depth>3</depth>
</size>
<segmented>0</segmented>
<object>
<name>RockwoolPallet</name>
<pose>Unspecified</pose>
<truncated>0</truncated>
<occluded>0</occluded>
<difficult>0</difficult>
<bndbox>
<xmin>121</xmin>
<ymin>79</ymin>
<xmax>176</xmax>
<ymax>139</ymax>
</bndbox>
<bndbox>
<xmin>196</xmin>
<ymin>30</ymin>
<xmax>221</xmax>
<ymax>62</ymax>
</bndbox>
</object>
</annotation>