<?xml version="1.0"?>
<annotation>
<folder>data</folder>
<filename>DJI_0011 0038.jpg</filename>
<path/>
<source>
<database>Unknown</database>
</source>
<size>
<width>480</width>
<height>270</height>
<depth>3</depth>
</size>
<segmented>0</segmented>
<object>
<name>RockwoolPallet</name>
<pose>Unspecified</pose>
<truncated>0</truncated>
<occluded>0</occluded>
<difficult>0</difficult>
<bndbox>
<xmin>181</xmin>
<ymin>81</ymin>
<xmax>232</xmax>
<ymax>144</ymax>
</bndbox>
<bndbox>
<xmin>295</xmin>
<ymin>35</ymin>
<xmax>324</xmax>
<ymax>72</ymax>
</bndbox>
</object>
</annotation>