<?xml version="1.0"?>
<annotation>
<folder>data</folder>
<filename>DJI_0012 0201.jpg</filename>
<path/>
<source>
<database>Unknown</database>
</source>
<size>
<width>480</width>
<height>270</height>
<depth>3</depth>
</size>
<segmented>0</segmented>
<object>
<name>RockwoolPallet</name>
<pose>Unspecified</pose>
<truncated>0</truncated>
<occluded>0</occluded>
<difficult>0</difficult>
<bndbox>
<xmin>88</xmin>
<ymin>40</ymin>
<xmax>118</xmax>
<ymax>51</ymax>
</bndbox>
<bndbox>
<xmin>95</xmin>
<ymin>48</ymin>
<xmax>131</xmax>
<ymax>97</ymax>
</bndbox>
</object>
</annotation>