<?xml version="1.0"?>
<annotation>
<folder>data</folder>
<filename>DJI_0011 0154.jpg</filename>
<path/>
<source>
<database>Unknown</database>
</source>
<size>
<width>480</width>
<height>270</height>
<depth>3</depth>
</size>
<segmented>0</segmented>
<object>
<name>RockwoolPallet</name>
<pose>Unspecified</pose>
<truncated>0</truncated>
<occluded>0</occluded>
<difficult>0</difficult>
<bndbox>
<xmin>215</xmin>
<ymin>56</ymin>
<xmax>258</xmax>
<ymax>114</ymax>
</bndbox>
<bndbox>
<xmin>291</xmin>
<ymin>84</ymin>
<xmax>339</xmax>
<ymax>145</ymax>
</bndbox>
</object>
</annotation>