<?xml version="1.0"?>
<annotation>
<folder>data</folder>
<filename>DJI_0012 0035.jpg</filename>
<path/>
<source>
<database>Unknown</database>
</source>
<size>
<width>480</width>
<height>270</height>
<depth>3</depth>
</size>
<segmented>0</segmented>
<object>
<name>RockwoolPallet</name>
<pose>Unspecified</pose>
<truncated>0</truncated>
<occluded>0</occluded>
<difficult>0</difficult>
<bndbox>
<xmin>217</xmin>
<ymin>25</ymin>
<xmax>238</xmax>
<ymax>57</ymax>
</bndbox>
<bndbox>
<xmin>233</xmin>
<ymin>154</ymin>
<xmax>265</xmax>
<ymax>218</ymax>
</bndbox>
</object>
</annotation>