<?xml version="1.0"?>
<annotation>
<folder>data</folder>
<filename>DJI_0011 0099.jpg</filename>
<path/>
<source>
<database>Unknown</database>
</source>
<size>
<width>480</width>
<height>270</height>
<depth>3</depth>
</size>
<segmented>0</segmented>
<object>
<name>RockwoolPallet</name>
<pose>Unspecified</pose>
<truncated>0</truncated>
<occluded>0</occluded>
<difficult>0</difficult>
<bndbox>
<xmin>268</xmin>
<ymin>225</ymin>
<xmax>342</xmax>
<ymax>268</ymax>
</bndbox>
<bndbox>
<xmin>395</xmin>
<ymin>153</ymin>
<xmax>454</xmax>
<ymax>244</ymax>
</bndbox>
</object>
</annotation>