<?xml version="1.0"?>
<annotation>
<folder>data</folder>
<filename>DJI_0011 0046.jpg</filename>
<path/>
<source>
<database>Unknown</database>
</source>
<size>
<width>480</width>
<height>270</height>
<depth>3</depth>
</size>
<segmented>0</segmented>
<object>
<name>RockwoolPallet</name>
<pose>Unspecified</pose>
<truncated>0</truncated>
<occluded>0</occluded>
<difficult>0</difficult>
<bndbox>
<xmin>153</xmin>
<ymin>96</ymin>
<xmax>200</xmax>
<ymax>146</ymax>
</bndbox>
<bndbox>
<xmin>284</xmin>
<ymin>46</ymin>
<xmax>313</xmax>
<ymax>80</ymax>
</bndbox>
</object>
</annotation>