<?xml version="1.0"?>
<annotation>
<folder>data</folder>
<filename>DJI_0012 0149.jpg</filename>
<path/>
<source>
<database>Unknown</database>
</source>
<size>
<width>480</width>
<height>270</height>
<depth>3</depth>
</size>
<segmented>0</segmented>
<object>
<name>RockwoolPallet</name>
<pose>Unspecified</pose>
<truncated>0</truncated>
<occluded>0</occluded>
<difficult>0</difficult>
<bndbox>
<xmin>334</xmin>
<ymin>168</ymin>
<xmax>361</xmax>
<ymax>204</ymax>
</bndbox>
<bndbox>
<xmin>308</xmin>
<ymin>170</ymin>
<xmax>333</xmax>
<ymax>208</ymax>
</bndbox>
</object>
</annotation>