<?xml version="1.0"?>
<annotation>
<folder>data</folder>
<filename>DJI_0012 0053.jpg</filename>
<path/>
<source>
<database>Unknown</database>
</source>
<size>
<width>480</width>
<height>270</height>
<depth>3</depth>
</size>
<segmented>0</segmented>
<object>
<name>RockwoolPallet</name>
<pose>Unspecified</pose>
<truncated>0</truncated>
<occluded>0</occluded>
<difficult>0</difficult>
<bndbox>
<xmin>239</xmin>
<ymin>157</ymin>
<xmax>256</xmax>
<ymax>179</ymax>
</bndbox>
<bndbox>
<xmin>187</xmin>
<ymin>233</ymin>
<xmax>218</xmax>
<ymax>269</ymax>
</bndbox>
</object>
</annotation>