<?xml version="1.0"?>
<annotation>
<folder>data</folder>
<filename>DJI_0012 0062.jpg</filename>
<path/>
<source>
<database>Unknown</database>
</source>
<size>
<width>480</width>
<height>270</height>
<depth>3</depth>
</size>
<segmented>0</segmented>
<object>
<name>RockwoolPallet</name>
<pose>Unspecified</pose>
<truncated>0</truncated>
<occluded>0</occluded>
<difficult>0</difficult>
<bndbox>
<xmin>325</xmin>
<ymin>155</ymin>
<xmax>346</xmax>
<ymax>181</ymax>
</bndbox>
<bndbox>
<xmin>187</xmin>
<ymin>221</ymin>
<xmax>222</xmax>
<ymax>269</ymax>
</bndbox>
</object>
</annotation>