<?xml version="1.0"?>
<annotation>
<folder>data</folder>
<filename>DJI_0011 0078.jpg</filename>
<path/>
<source>
<database>Unknown</database>
</source>
<size>
<width>480</width>
<height>270</height>
<depth>3</depth>
</size>
<segmented>0</segmented>
<object>
<name>RockwoolPallet</name>
<pose>Unspecified</pose>
<truncated>0</truncated>
<occluded>0</occluded>
<difficult>0</difficult>
<bndbox>
<xmin>242</xmin>
<ymin>87</ymin>
<xmax>263</xmax>
<ymax>126</ymax>
</bndbox>
<bndbox>
<xmin>137</xmin>
<ymin>111</ymin>
<xmax>172</xmax>
<ymax>154</ymax>
</bndbox>
</object>
</annotation>