<?xml version="1.0"?>
<annotation>
<folder>data</folder>
<filename>DJI_0011 0045.jpg</filename>
<path/>
<source>
<database>Unknown</database>
</source>
<size>
<width>480</width>
<height>270</height>
<depth>3</depth>
</size>
<segmented>0</segmented>
<object>
<name>RockwoolPallet</name>
<pose>Unspecified</pose>
<truncated>0</truncated>
<occluded>0</occluded>
<difficult>0</difficult>
<bndbox>
<xmin>156</xmin>
<ymin>89</ymin>
<xmax>206</xmax>
<ymax>143</ymax>
</bndbox>
<bndbox>
<xmin>293</xmin>
<ymin>41</ymin>
<xmax>318</xmax>
<ymax>78</ymax>
</bndbox>
</object>
</annotation>