<?xml version="1.0"?>
<annotation>
<folder>data</folder>
<filename>DJI_0012 0047.jpg</filename>
<path/>
<source>
<database>Unknown</database>
</source>
<size>
<width>480</width>
<height>270</height>
<depth>3</depth>
</size>
<segmented>0</segmented>
<object>
<name>RockwoolPallet</name>
<pose>Unspecified</pose>
<truncated>0</truncated>
<occluded>0</occluded>
<difficult>0</difficult>
<bndbox>
<xmin>233</xmin>
<ymin>164</ymin>
<xmax>250</xmax>
<ymax>190</ymax>
</bndbox>
<bndbox>
<xmin>218</xmin>
<ymin>246</ymin>
<xmax>250</xmax>
<ymax>268</ymax>
</bndbox>
</object>
</annotation>