<?xml version="1.0"?>
<annotation>
<folder>data</folder>
<filename>DJI_0011 0819.jpg</filename>
<path/>
<source>
<database>Unknown</database>
</source>
<size>
<width>480</width>
<height>270</height>
<depth>3</depth>
</size>
<segmented>0</segmented>
<object>
<name>RockwoolPallet</name>
<pose>Unspecified</pose>
<truncated>0</truncated>
<occluded>0</occluded>
<difficult>0</difficult>
<bndbox>
<xmin>257</xmin>
<ymin>25</ymin>
<xmax>273</xmax>
<ymax>50</ymax>
</bndbox>
<bndbox>
<xmin>89</xmin>
<ymin>89</ymin>
<xmax>146</xmax>
<ymax>152</ymax>
</bndbox>
</object>
</annotation>