<?xml version="1.0"?>
<annotation>
<folder>data</folder>
<filename>DJI_0011 0418.jpg</filename>
<path/>
<source>
<database>Unknown</database>
</source>
<size>
<width>480</width>
<height>270</height>
<depth>3</depth>
</size>
<segmented>0</segmented>
<object>
<name>RockwoolPallet</name>
<pose>Unspecified</pose>
<truncated>0</truncated>
<occluded>0</occluded>
<difficult>0</difficult>
<bndbox>
<xmin>225</xmin>
<ymin>193</ymin>
<xmax>252</xmax>
<ymax>230</ymax>
</bndbox>
<bndbox>
<xmin>240</xmin>
<ymin>87</ymin>
<xmax>252</xmax>
<ymax>106</ymax>
</bndbox>
</object>
</annotation>