<?xml version="1.0"?>
<annotation>
<folder>data</folder>
<filename>DJI_0011 0804.jpg</filename>
<path/>
<source>
<database>Unknown</database>
</source>
<size>
<width>480</width>
<height>270</height>
<depth>3</depth>
</size>
<segmented>0</segmented>
<object>
<name>RockwoolPallet</name>
<pose>Unspecified</pose>
<truncated>0</truncated>
<occluded>0</occluded>
<difficult>0</difficult>
<bndbox>
<xmin>252</xmin>
<ymin>23</ymin>
<xmax>264</xmax>
<ymax>42</ymax>
</bndbox>
<bndbox>
<xmin>146</xmin>
<ymin>58</ymin>
<xmax>178</xmax>
<ymax>96</ymax>
</bndbox>
</object>
</annotation>