<?xml version="1.0"?>
<annotation>
<folder>data</folder>
<filename>DJI_0011 0401.jpg</filename>
<path/>
<source>
<database>Unknown</database>
</source>
<size>
<width>480</width>
<height>270</height>
<depth>3</depth>
</size>
<segmented>0</segmented>
<object>
<name>RockwoolPallet</name>
<pose>Unspecified</pose>
<truncated>0</truncated>
<occluded>0</occluded>
<difficult>0</difficult>
<bndbox>
<xmin>232</xmin>
<ymin>4</ymin>
<xmax>242</xmax>
<ymax>25</ymax>
</bndbox>
<bndbox>
<xmin>329</xmin>
<ymin>118</ymin>
<xmax>358</xmax>
<ymax>151</ymax>
</bndbox>
</object>
</annotation>