<?xml version="1.0"?>
<annotation>
<folder>data</folder>
<filename>DJI_0011 0810.jpg</filename>
<path/>
<source>
<database>Unknown</database>
</source>
<size>
<width>480</width>
<height>270</height>
<depth>3</depth>
</size>
<segmented>0</segmented>
<object>
<name>RockwoolPallet</name>
<pose>Unspecified</pose>
<truncated>0</truncated>
<occluded>0</occluded>
<difficult>0</difficult>
<bndbox>
<xmin>123</xmin>
<ymin>67</ymin>
<xmax>162</xmax>
<ymax>113</ymax>
</bndbox>
<bndbox>
<xmin>251</xmin>
<ymin>24</ymin>
<xmax>266</xmax>
<ymax>45</ymax>
</bndbox>
</object>
</annotation>