<?xml version="1.0"?>
<annotation>
<folder>data</folder>
<filename>DJI_0011 0406.jpg</filename>
<path/>
<source>
<database>Unknown</database>
</source>
<size>
<width>480</width>
<height>270</height>
<depth>3</depth>
</size>
<segmented>0</segmented>
<object>
<name>RockwoolPallet</name>
<pose>Unspecified</pose>
<truncated>0</truncated>
<occluded>0</occluded>
<difficult>0</difficult>
<bndbox>
<xmin>224</xmin>
<ymin>1</ymin>
<xmax>234</xmax>
<ymax>21</ymax>
</bndbox>
<bndbox>
<xmin>278</xmin>
<ymin>108</ymin>
<xmax>302</xmax>
<ymax>140</ymax>
</bndbox>
</object>
</annotation>