<?xml version="1.0"?>
<annotation>
<folder>data</folder>
<filename>DJI_0011 0761.jpg</filename>
<path/>
<source>
<database>Unknown</database>
</source>
<size>
<width>480</width>
<height>270</height>
<depth>3</depth>
</size>
<segmented>0</segmented>
<object>
<name>RockwoolPallet</name>
<pose>Unspecified</pose>
<truncated>0</truncated>
<occluded>0</occluded>
<difficult>0</difficult>
<bndbox>
<xmin>23</xmin>
<ymin>42</ymin>
<xmax>49</xmax>
<ymax>70</ymax>
</bndbox>
<bndbox>
<xmin>332</xmin>
<ymin>69</ymin>
<xmax>364</xmax>
<ymax>113</ymax>
</bndbox>
</object>
</annotation>