<?xml version="1.0"?>
<annotation>
<folder>data</folder>
<filename>DJI_0011 0425.jpg</filename>
<path/>
<source>
<database>Unknown</database>
</source>
<size>
<width>480</width>
<height>270</height>
<depth>3</depth>
</size>
<segmented>0</segmented>
<object>
<name>RockwoolPallet</name>
<pose>Unspecified</pose>
<truncated>0</truncated>
<occluded>0</occluded>
<difficult>0</difficult>
<bndbox>
<xmin>177</xmin>
<ymin>116</ymin>
<xmax>204</xmax>
<ymax>148</ymax>
</bndbox>
<bndbox>
<xmin>211</xmin>
<ymin>7</ymin>
<xmax>224</xmax>
<ymax>28</ymax>
</bndbox>
</object>
</annotation>