<?xml version="1.0"?>
<annotation>
<folder>data</folder>
<filename>DJI_0011 0430.jpg</filename>
<path/>
<source>
<database>Unknown</database>
</source>
<size>
<width>480</width>
<height>270</height>
<depth>3</depth>
</size>
<segmented>0</segmented>
<object>
<name>RockwoolPallet</name>
<pose>Unspecified</pose>
<truncated>0</truncated>
<occluded>0</occluded>
<difficult>0</difficult>
<bndbox>
<xmin>173</xmin>
<ymin>99</ymin>
<xmax>197</xmax>
<ymax>128</ymax>
</bndbox>
<bndbox>
<xmin>205</xmin>
<ymin>2</ymin>
<xmax>217</xmax>
<ymax>20</ymax>
</bndbox>
</object>
</annotation>