<?xml version="1.0"?>
<annotation>
<folder>data</folder>
<filename>DJI_0011 0463.jpg</filename>
<path/>
<source>
<database>Unknown</database>
</source>
<size>
<width>480</width>
<height>270</height>
<depth>3</depth>
</size>
<segmented>0</segmented>
<object>
<name>RockwoolPallet</name>
<pose>Unspecified</pose>
<truncated>0</truncated>
<occluded>0</occluded>
<difficult>0</difficult>
<bndbox>
<xmin>246</xmin>
<ymin>118</ymin>
<xmax>257</xmax>
<ymax>137</ymax>
</bndbox>
<bndbox>
<xmin>211</xmin>
<ymin>246</ymin>
<xmax>241</xmax>
<ymax>271</ymax>
</bndbox>
</object>
</annotation>