<?xml version="1.0"?>
<annotation>
<folder>data</folder>
<filename>DJI_0011 0426.jpg</filename>
<path/>
<source>
<database>Unknown</database>
</source>
<size>
<width>480</width>
<height>270</height>
<depth>3</depth>
</size>
<segmented>0</segmented>
<object>
<name>RockwoolPallet</name>
<pose>Unspecified</pose>
<truncated>0</truncated>
<occluded>0</occluded>
<difficult>0</difficult>
<bndbox>
<xmin>209</xmin>
<ymin>7</ymin>
<xmax>222</xmax>
<ymax>27</ymax>
</bndbox>
<bndbox>
<xmin>175</xmin>
<ymin>115</ymin>
<xmax>201</xmax>
<ymax>147</ymax>
</bndbox>
</object>
</annotation>