<?xml version="1.0"?>
<annotation>
<folder>data</folder>
<filename>DJI_0011 0436.jpg</filename>
<path/>
<source>
<database>Unknown</database>
</source>
<size>
<width>480</width>
<height>270</height>
<depth>3</depth>
</size>
<segmented>0</segmented>
<object>
<name>RockwoolPallet</name>
<pose>Unspecified</pose>
<truncated>0</truncated>
<occluded>0</occluded>
<difficult>0</difficult>
<bndbox>
<xmin>185</xmin>
<ymin>69</ymin>
<xmax>208</xmax>
<ymax>96</ymax>
</bndbox>
<bndbox>
<xmin>212</xmin>
<ymin>0</ymin>
<xmax>223</xmax>
<ymax>9</ymax>
</bndbox>
</object>
</annotation>