<?xml version="1.0"?>
<annotation>
<folder>data</folder>
<filename>DJI_0011 0811.jpg</filename>
<path/>
<source>
<database>Unknown</database>
</source>
<size>
<width>480</width>
<height>270</height>
<depth>3</depth>
</size>
<segmented>0</segmented>
<object>
<name>RockwoolPallet</name>
<pose>Unspecified</pose>
<truncated>0</truncated>
<occluded>0</occluded>
<difficult>0</difficult>
<bndbox>
<xmin>116</xmin>
<ymin>73</ymin>
<xmax>158</xmax>
<ymax>121</ymax>
</bndbox>
<bndbox>
<xmin>252</xmin>
<ymin>24</ymin>
<xmax>266</xmax>
<ymax>47</ymax>
</bndbox>
</object>
</annotation>