<?xml version="1.0"?>
<annotation>
<folder>data</folder>
<filename>DJI_0011 0792.jpg</filename>
<path/>
<source>
<database>Unknown</database>
</source>
<size>
<width>480</width>
<height>270</height>
<depth>3</depth>
</size>
<segmented>0</segmented>
<object>
<name>RockwoolPallet</name>
<pose>Unspecified</pose>
<truncated>0</truncated>
<occluded>0</occluded>
<difficult>0</difficult>
<bndbox>
<xmin>220</xmin>
<ymin>29</ymin>
<xmax>232</xmax>
<ymax>48</ymax>
</bndbox>
<bndbox>
<xmin>201</xmin>
<ymin>69</ymin>
<xmax>233</xmax>
<ymax>108</ymax>
</bndbox>
</object>
</annotation>