<?xml version="1.0"?>
<annotation>
<folder>data</folder>
<filename>DJI_0011 0462.jpg</filename>
<path/>
<source>
<database>Unknown</database>
</source>
<size>
<width>480</width>
<height>270</height>
<depth>3</depth>
</size>
<segmented>0</segmented>
<object>
<name>RockwoolPallet</name>
<pose>Unspecified</pose>
<truncated>0</truncated>
<occluded>0</occluded>
<difficult>0</difficult>
<bndbox>
<xmin>245</xmin>
<ymin>115</ymin>
<xmax>256</xmax>
<ymax>133</ymax>
</bndbox>
<bndbox>
<xmin>211</xmin>
<ymin>230</ymin>
<xmax>240</xmax>
<ymax>270</ymax>
</bndbox>
</object>
</annotation>