<?xml version="1.0"?>
<annotation>
<folder>data</folder>
<filename>DJI_0011 0398.jpg</filename>
<path/>
<source>
<database>Unknown</database>
</source>
<size>
<width>480</width>
<height>270</height>
<depth>3</depth>
</size>
<segmented>0</segmented>
<object>
<name>RockwoolPallet</name>
<pose>Unspecified</pose>
<truncated>0</truncated>
<occluded>0</occluded>
<difficult>0</difficult>
<bndbox>
<xmin>123</xmin>
<ymin>15</ymin>
<xmax>139</xmax>
<ymax>39</ymax>
</bndbox>
<bndbox>
<xmin>283</xmin>
<ymin>117</ymin>
<xmax>312</xmax>
<ymax>152</ymax>
</bndbox>
</object>
</annotation>