<?xml version="1.0"?>
<annotation>
<folder>data</folder>
<filename>DJI_0011 0396.jpg</filename>
<path/>
<source>
<database>Unknown</database>
</source>
<size>
<width>480</width>
<height>270</height>
<depth>3</depth>
</size>
<segmented>0</segmented>
<object>
<name>RockwoolPallet</name>
<pose>Unspecified</pose>
<truncated>0</truncated>
<occluded>0</occluded>
<difficult>0</difficult>
<bndbox>
<xmin>2</xmin>
<ymin>38</ymin>
<xmax>28</xmax>
<ymax>67</ymax>
</bndbox>
<bndbox>
<xmin>230</xmin>
<ymin>120</ymin>
<xmax>257</xmax>
<ymax>160</ymax>
</bndbox>
</object>
</annotation>