<?xml version="1.0"?>
<annotation>
<folder>data</folder>
<filename>DJI_0011 0797.jpg</filename>
<path/>
<source>
<database>Unknown</database>
</source>
<size>
<width>480</width>
<height>270</height>
<depth>3</depth>
</size>
<segmented>0</segmented>
<object>
<name>RockwoolPallet</name>
<pose>Unspecified</pose>
<truncated>0</truncated>
<occluded>0</occluded>
<difficult>0</difficult>
<bndbox>
<xmin>256</xmin>
<ymin>26</ymin>
<xmax>269</xmax>
<ymax>46</ymax>
</bndbox>
<bndbox>
<xmin>197</xmin>
<ymin>64</ymin>
<xmax>227</xmax>
<ymax>103</ymax>
</bndbox>
</object>
</annotation>