<?xml version="1.0"?>
<annotation>
<folder>data</folder>
<filename>DJI_0011 0421.jpg</filename>
<path/>
<source>
<database>Unknown</database>
</source>
<size>
<width>480</width>
<height>270</height>
<depth>3</depth>
</size>
<segmented>0</segmented>
<object>
<name>RockwoolPallet</name>
<pose>Unspecified</pose>
<truncated>0</truncated>
<occluded>0</occluded>
<difficult>0</difficult>
<bndbox>
<xmin>226</xmin>
<ymin>150</ymin>
<xmax>237</xmax>
<ymax>169</ymax>
</bndbox>
<bndbox>
<xmin>197</xmin>
<ymin>254</ymin>
<xmax>224</xmax>
<ymax>271</ymax>
</bndbox>
</object>
</annotation>