<?xml version="1.0"?>
<annotation>
<folder>data</folder>
<filename>DJI_0011 0821.jpg</filename>
<path/>
<source>
<database>Unknown</database>
</source>
<size>
<width>480</width>
<height>270</height>
<depth>3</depth>
</size>
<segmented>0</segmented>
<object>
<name>RockwoolPallet</name>
<pose>Unspecified</pose>
<truncated>0</truncated>
<occluded>0</occluded>
<difficult>0</difficult>
<bndbox>
<xmin>77</xmin>
<ymin>101</ymin>
<xmax>138</xmax>
<ymax>171</ymax>
</bndbox>
<bndbox>
<xmin>262</xmin>
<ymin>26</ymin>
<xmax>278</xmax>
<ymax>51</ymax>
</bndbox>
</object>
</annotation>