<?xml version="1.0"?>
<annotation>
<folder>data</folder>
<filename>DJI_0011 0976.jpg</filename>
<path/>
<source>
<database>Unknown</database>
</source>
<size>
<width>480</width>
<height>270</height>
<depth>3</depth>
</size>
<segmented>0</segmented>
<object>
<name>RockwoolPallet</name>
<pose>Unspecified</pose>
<truncated>0</truncated>
<occluded>0</occluded>
<difficult>0</difficult>
<bndbox>
<xmin>112</xmin>
<ymin>183</ymin>
<xmax>181</xmax>
<ymax>258</ymax>
</bndbox>
<bndbox>
<xmin>422</xmin>
<ymin>10</ymin>
<xmax>450</xmax>
<ymax>45</ymax>
</bndbox>
</object>
</annotation>