<?xml version="1.0"?>
<annotation>
<folder>data</folder>
<filename>DJI_0011 0769.jpg</filename>
<path/>
<source>
<database>Unknown</database>
</source>
<size>
<width>480</width>
<height>270</height>
<depth>3</depth>
</size>
<segmented>0</segmented>
<object>
<name>RockwoolPallet</name>
<pose>Unspecified</pose>
<truncated>0</truncated>
<occluded>0</occluded>
<difficult>0</difficult>
<bndbox>
<xmin>57</xmin>
<ymin>34</ymin>
<xmax>74</xmax>
<ymax>58</ymax>
</bndbox>
<bndbox>
<xmin>251</xmin>
<ymin>65</ymin>
<xmax>282</xmax>
<ymax>105</ymax>
</bndbox>
</object>
</annotation>