<?xml version="1.0"?>
<annotation>
<folder>data</folder>
<filename>DJI_0011 0827.jpg</filename>
<path/>
<source>
<database>Unknown</database>
</source>
<size>
<width>480</width>
<height>270</height>
<depth>3</depth>
</size>
<segmented>0</segmented>
<object>
<name>RockwoolPallet</name>
<pose>Unspecified</pose>
<truncated>0</truncated>
<occluded>0</occluded>
<difficult>0</difficult>
<bndbox>
<xmin>272</xmin>
<ymin>31</ymin>
<xmax>291</xmax>
<ymax>58</ymax>
</bndbox>
<bndbox>
<xmin>-1</xmin>
<ymin>186</ymin>
<xmax>78</xmax>
<ymax>270</ymax>
</bndbox>
</object>
</annotation>