<?xml version="1.0"?>
<annotation>
<folder>data</folder>
<filename>DJI_0011 0779.jpg</filename>
<path/>
<source>
<database>Unknown</database>
</source>
<size>
<width>480</width>
<height>270</height>
<depth>3</depth>
</size>
<segmented>0</segmented>
<object>
<name>RockwoolPallet</name>
<pose>Unspecified</pose>
<truncated>0</truncated>
<occluded>0</occluded>
<difficult>0</difficult>
<bndbox>
<xmin>158</xmin>
<ymin>30</ymin>
<xmax>170</xmax>
<ymax>50</ymax>
</bndbox>
<bndbox>
<xmin>256</xmin>
<ymin>68</ymin>
<xmax>287</xmax>
<ymax>107</ymax>
</bndbox>
</object>
</annotation>