<?xml version="1.0"?>
<annotation>
<folder>data</folder>
<filename>DJI_0011 0815.jpg</filename>
<path/>
<source>
<database>Unknown</database>
</source>
<size>
<width>480</width>
<height>270</height>
<depth>3</depth>
</size>
<segmented>0</segmented>
<object>
<name>RockwoolPallet</name>
<pose>Unspecified</pose>
<truncated>0</truncated>
<occluded>0</occluded>
<difficult>0</difficult>
<bndbox>
<xmin>106</xmin>
<ymin>80</ymin>
<xmax>152</xmax>
<ymax>133</ymax>
</bndbox>
<bndbox>
<xmin>252</xmin>
<ymin>25</ymin>
<xmax>268</xmax>
<ymax>49</ymax>
</bndbox>
</object>
</annotation>