<?xml version="1.0"?>
<annotation>
<folder>data</folder>
<filename>DJI_0011 0977.jpg</filename>
<path/>
<source>
<database>Unknown</database>
</source>
<size>
<width>480</width>
<height>270</height>
<depth>3</depth>
</size>
<segmented>0</segmented>
<object>
<name>RockwoolPallet</name>
<pose>Unspecified</pose>
<truncated>0</truncated>
<occluded>0</occluded>
<difficult>0</difficult>
<bndbox>
<xmin>137</xmin>
<ymin>181</ymin>
<xmax>200</xmax>
<ymax>262</ymax>
</bndbox>
<bndbox>
<xmin>461</xmin>
<ymin>18</ymin>
<xmax>480</xmax>
<ymax>52</ymax>
</bndbox>
</object>
</annotation>