<?xml version="1.0"?>
<annotation>
<folder>data</folder>
<filename>DJI_0011 0800.jpg</filename>
<path/>
<source>
<database>Unknown</database>
</source>
<size>
<width>480</width>
<height>270</height>
<depth>3</depth>
</size>
<segmented>0</segmented>
<object>
<name>RockwoolPallet</name>
<pose>Unspecified</pose>
<truncated>0</truncated>
<occluded>0</occluded>
<difficult>0</difficult>
<bndbox>
<xmin>260</xmin>
<ymin>24</ymin>
<xmax>273</xmax>
<ymax>43</ymax>
</bndbox>
<bndbox>
<xmin>175</xmin>
<ymin>59</ymin>
<xmax>209</xmax>
<ymax>98</ymax>
</bndbox>
</object>
</annotation>