<?xml version="1.0"?>
<annotation>
<folder>data</folder>
<filename>DJI_0011 0823.jpg</filename>
<path/>
<source>
<database>Unknown</database>
</source>
<size>
<width>480</width>
<height>270</height>
<depth>3</depth>
</size>
<segmented>0</segmented>
<object>
<name>RockwoolPallet</name>
<pose>Unspecified</pose>
<truncated>0</truncated>
<occluded>0</occluded>
<difficult>0</difficult>
<bndbox>
<xmin>49</xmin>
<ymin>120</ymin>
<xmax>125</xmax>
<ymax>204</ymax>
</bndbox>
<bndbox>
<xmin>266</xmin>
<ymin>26</ymin>
<xmax>281</xmax>
<ymax>55</ymax>
</bndbox>
</object>
</annotation>