<?xml version="1.0"?>
<annotation>
<folder>data</folder>
<filename>DJI_0011 0780.jpg</filename>
<path/>
<source>
<database>Unknown</database>
</source>
<size>
<width>480</width>
<height>270</height>
<depth>3</depth>
</size>
<segmented>0</segmented>
<object>
<name>RockwoolPallet</name>
<pose>Unspecified</pose>
<truncated>0</truncated>
<occluded>0</occluded>
<difficult>0</difficult>
<bndbox>
<xmin>156</xmin>
<ymin>31</ymin>
<xmax>168</xmax>
<ymax>50</ymax>
</bndbox>
<bndbox>
<xmin>248</xmin>
<ymin>69</ymin>
<xmax>279</xmax>
<ymax>109</ymax>
</bndbox>
</object>
</annotation>