<?xml version="1.0"?>
<annotation>
<folder>data</folder>
<filename>DJI_0011 0407.jpg</filename>
<path/>
<source>
<database>Unknown</database>
</source>
<size>
<width>480</width>
<height>270</height>
<depth>3</depth>
</size>
<segmented>0</segmented>
<object>
<name>RockwoolPallet</name>
<pose>Unspecified</pose>
<truncated>0</truncated>
<occluded>0</occluded>
<difficult>0</difficult>
<bndbox>
<xmin>219</xmin>
<ymin>0</ymin>
<xmax>229</xmax>
<ymax>19</ymax>
</bndbox>
<bndbox>
<xmin>268</xmin>
<ymin>107</ymin>
<xmax>292</xmax>
<ymax>139</ymax>
</bndbox>
</object>
</annotation>