<?xml version="1.0"?>
<annotation>
<folder>data</folder>
<filename>DJI_0011 0775.jpg</filename>
<path/>
<source>
<database>Unknown</database>
</source>
<size>
<width>480</width>
<height>270</height>
<depth>3</depth>
</size>
<segmented>0</segmented>
<object>
<name>RockwoolPallet</name>
<pose>Unspecified</pose>
<truncated>0</truncated>
<occluded>0</occluded>
<difficult>0</difficult>
<bndbox>
<xmin>102</xmin>
<ymin>31</ymin>
<xmax>116</xmax>
<ymax>52</ymax>
</bndbox>
<bndbox>
<xmin>227</xmin>
<ymin>66</ymin>
<xmax>259</xmax>
<ymax>105</ymax>
</bndbox>
</object>
</annotation>