<?xml version="1.0"?>
<annotation>
<folder>data</folder>
<filename>DJI_0011 0762.jpg</filename>
<path/>
<source>
<database>Unknown</database>
</source>
<size>
<width>480</width>
<height>270</height>
<depth>3</depth>
</size>
<segmented>0</segmented>
<object>
<name>RockwoolPallet</name>
<pose>Unspecified</pose>
<truncated>0</truncated>
<occluded>0</occluded>
<difficult>0</difficult>
<bndbox>
<xmin>46</xmin>
<ymin>39</ymin>
<xmax>68</xmax>
<ymax>66</ymax>
</bndbox>
<bndbox>
<xmin>329</xmin>
<ymin>68</ymin>
<xmax>363</xmax>
<ymax>111</ymax>
</bndbox>
</object>
</annotation>