<?xml version="1.0"?>
<annotation>
<folder>data</folder>
<filename>DJI_0011 0763.jpg</filename>
<path/>
<source>
<database>Unknown</database>
</source>
<size>
<width>480</width>
<height>270</height>
<depth>3</depth>
</size>
<segmented>0</segmented>
<object>
<name>RockwoolPallet</name>
<pose>Unspecified</pose>
<truncated>0</truncated>
<occluded>0</occluded>
<difficult>0</difficult>
<bndbox>
<xmin>45</xmin>
<ymin>38</ymin>
<xmax>67</xmax>
<ymax>64</ymax>
</bndbox>
<bndbox>
<xmin>311</xmin>
<ymin>67</ymin>
<xmax>344</xmax>
<ymax>108</ymax>
</bndbox>
</object>
</annotation>