<?xml version="1.0"?>
<annotation>
<folder>data</folder>
<filename>DJI_0011 0435.jpg</filename>
<path/>
<source>
<database>Unknown</database>
</source>
<size>
<width>480</width>
<height>270</height>
<depth>3</depth>
</size>
<segmented>0</segmented>
<object>
<name>RockwoolPallet</name>
<pose>Unspecified</pose>
<truncated>0</truncated>
<occluded>0</occluded>
<difficult>0</difficult>
<bndbox>
<xmin>178</xmin>
<ymin>74</ymin>
<xmax>200</xmax>
<ymax>101</ymax>
</bndbox>
<bndbox>
<xmin>204</xmin>
<ymin>-1</ymin>
<xmax>215</xmax>
<ymax>11</ymax>
</bndbox>
</object>
</annotation>