<?xml version="1.0"?>
<annotation>
<folder>data</folder>
<filename>DJI_0011 0397.jpg</filename>
<path/>
<source>
<database>Unknown</database>
</source>
<size>
<width>480</width>
<height>270</height>
<depth>3</depth>
</size>
<segmented>0</segmented>
<object>
<name>RockwoolPallet</name>
<pose>Unspecified</pose>
<truncated>0</truncated>
<occluded>0</occluded>
<difficult>0</difficult>
<bndbox>
<xmin>69</xmin>
<ymin>24</ymin>
<xmax>90</xmax>
<ymax>50</ymax>
</bndbox>
<bndbox>
<xmin>257</xmin>
<ymin>118</ymin>
<xmax>286</xmax>
<ymax>155</ymax>
</bndbox>
</object>
</annotation>