<?xml version="1.0"?>
<annotation>
<folder>data</folder>
<filename>DJI_0011 0803.jpg</filename>
<path/>
<source>
<database>Unknown</database>
</source>
<size>
<width>480</width>
<height>270</height>
<depth>3</depth>
</size>
<segmented>0</segmented>
<object>
<name>RockwoolPallet</name>
<pose>Unspecified</pose>
<truncated>0</truncated>
<occluded>0</occluded>
<difficult>0</difficult>
<bndbox>
<xmin>253</xmin>
<ymin>23</ymin>
<xmax>266</xmax>
<ymax>43</ymax>
</bndbox>
<bndbox>
<xmin>149</xmin>
<ymin>59</ymin>
<xmax>183</xmax>
<ymax>97</ymax>
</bndbox>
</object>
</annotation>