<?xml version="1.0"?>
<annotation>
<folder>data</folder>
<filename>DJI_0011 0772.jpg</filename>
<path/>
<source>
<database>Unknown</database>
</source>
<size>
<width>480</width>
<height>270</height>
<depth>3</depth>
</size>
<segmented>0</segmented>
<object>
<name>RockwoolPallet</name>
<pose>Unspecified</pose>
<truncated>0</truncated>
<occluded>0</occluded>
<difficult>0</difficult>
<bndbox>
<xmin>30</xmin>
<ymin>34</ymin>
<xmax>48</xmax>
<ymax>57</ymax>
</bndbox>
<bndbox>
<xmin>197</xmin>
<ymin>64</ymin>
<xmax>230</xmax>
<ymax>106</ymax>
</bndbox>
</object>
</annotation>