<?xml version="1.0"?>
<annotation>
<folder>data</folder>
<filename>DJI_0011 0824.jpg</filename>
<path/>
<source>
<database>Unknown</database>
</source>
<size>
<width>480</width>
<height>270</height>
<depth>3</depth>
</size>
<segmented>0</segmented>
<object>
<name>RockwoolPallet</name>
<pose>Unspecified</pose>
<truncated>0</truncated>
<occluded>0</occluded>
<difficult>0</difficult>
<bndbox>
<xmin>31</xmin>
<ymin>132</ymin>
<xmax>116</xmax>
<ymax>229</ymax>
</bndbox>
<bndbox>
<xmin>267</xmin>
<ymin>28</ymin>
<xmax>284</xmax>
<ymax>55</ymax>
</bndbox>
</object>
</annotation>