<?xml version="1.0"?>
<annotation>
<folder>data</folder>
<filename>DJI_0011 0816.jpg</filename>
<path/>
<source>
<database>Unknown</database>
</source>
<size>
<width>480</width>
<height>270</height>
<depth>3</depth>
</size>
<segmented>0</segmented>
<object>
<name>RockwoolPallet</name>
<pose>Unspecified</pose>
<truncated>0</truncated>
<occluded>0</occluded>
<difficult>0</difficult>
<bndbox>
<xmin>253</xmin>
<ymin>25</ymin>
<xmax>268</xmax>
<ymax>48</ymax>
</bndbox>
<bndbox>
<xmin>103</xmin>
<ymin>81</ymin>
<xmax>151</xmax>
<ymax>136</ymax>
</bndbox>
</object>
</annotation>