<?xml version="1.0"?>
<annotation>
<folder>data</folder>
<filename>DJI_0011 0818.jpg</filename>
<path/>
<source>
<database>Unknown</database>
</source>
<size>
<width>480</width>
<height>270</height>
<depth>3</depth>
</size>
<segmented>0</segmented>
<object>
<name>RockwoolPallet</name>
<pose>Unspecified</pose>
<truncated>0</truncated>
<occluded>0</occluded>
<difficult>0</difficult>
<bndbox>
<xmin>97</xmin>
<ymin>86</ymin>
<xmax>147</xmax>
<ymax>145</ymax>
</bndbox>
<bndbox>
<xmin>256</xmin>
<ymin>25</ymin>
<xmax>270</xmax>
<ymax>48</ymax>
</bndbox>
</object>
</annotation>