<?xml version="1.0"?>
<annotation>
<folder>data</folder>
<filename>DJI_0011 0825.jpg</filename>
<path/>
<source>
<database>Unknown</database>
</source>
<size>
<width>480</width>
<height>270</height>
<depth>3</depth>
</size>
<segmented>0</segmented>
<object>
<name>RockwoolPallet</name>
<pose>Unspecified</pose>
<truncated>0</truncated>
<occluded>0</occluded>
<difficult>0</difficult>
<bndbox>
<xmin>8</xmin>
<ymin>148</ymin>
<xmax>105</xmax>
<ymax>258</ymax>
</bndbox>
<bndbox>
<xmin>268</xmin>
<ymin>29</ymin>
<xmax>287</xmax>
<ymax>58</ymax>
</bndbox>
</object>
</annotation>