<?xml version="1.0"?>
<annotation>
<folder>data</folder>
<filename>DJI_0011 0437.jpg</filename>
<path/>
<source>
<database>Unknown</database>
</source>
<size>
<width>480</width>
<height>270</height>
<depth>3</depth>
</size>
<segmented>0</segmented>
<object>
<name>RockwoolPallet</name>
<pose>Unspecified</pose>
<truncated>0</truncated>
<occluded>0</occluded>
<difficult>0</difficult>
<bndbox>
<xmin>195</xmin>
<ymin>66</ymin>
<xmax>216</xmax>
<ymax>92</ymax>
</bndbox>
<bndbox>
<xmin>220</xmin>
<ymin>-1</ymin>
<xmax>231</xmax>
<ymax>9</ymax>
</bndbox>
</object>
</annotation>