<?xml version="1.0"?>
<annotation>
<folder>data</folder>
<filename>DJI_0011 0820.jpg</filename>
<path/>
<source>
<database>Unknown</database>
</source>
<size>
<width>480</width>
<height>270</height>
<depth>3</depth>
</size>
<segmented>0</segmented>
<object>
<name>RockwoolPallet</name>
<pose>Unspecified</pose>
<truncated>0</truncated>
<occluded>0</occluded>
<difficult>0</difficult>
<bndbox>
<xmin>260</xmin>
<ymin>25</ymin>
<xmax>276</xmax>
<ymax>50</ymax>
</bndbox>
<bndbox>
<xmin>84</xmin>
<ymin>95</ymin>
<xmax>143</xmax>
<ymax>161</ymax>
</bndbox>
</object>
</annotation>