<?xml version="1.0"?>
<annotation>
<folder>data</folder>
<filename>DJI_0011 0974.jpg</filename>
<path/>
<source>
<database>Unknown</database>
</source>
<size>
<width>480</width>
<height>270</height>
<depth>3</depth>
</size>
<segmented>0</segmented>
<object>
<name>RockwoolPallet</name>
<pose>Unspecified</pose>
<truncated>0</truncated>
<occluded>0</occluded>
<difficult>0</difficult>
<bndbox>
<xmin>43</xmin>
<ymin>200</ymin>
<xmax>126</xmax>
<ymax>272</ymax>
</bndbox>
<bndbox>
<xmin>330</xmin>
<ymin>0</ymin>
<xmax>352</xmax>
<ymax>28</ymax>
</bndbox>
</object>
</annotation>