<?xml version="1.0"?>
<annotation>
<folder>data</folder>
<filename>DJI_0011 0826.jpg</filename>
<path/>
<source>
<database>Unknown</database>
</source>
<size>
<width>480</width>
<height>270</height>
<depth>3</depth>
</size>
<segmented>0</segmented>
<object>
<name>RockwoolPallet</name>
<pose>Unspecified</pose>
<truncated>0</truncated>
<occluded>0</occluded>
<difficult>0</difficult>
<bndbox>
<xmin>-1</xmin>
<ymin>167</ymin>
<xmax>93</xmax>
<ymax>271</ymax>
</bndbox>
<bndbox>
<xmin>270</xmin>
<ymin>30</ymin>
<xmax>289</xmax>
<ymax>61</ymax>
</bndbox>
</object>
</annotation>