<?xml version="1.0"?>
<annotation>
<folder>data</folder>
<filename>DJI_0011 0434.jpg</filename>
<path/>
<source>
<database>Unknown</database>
</source>
<size>
<width>480</width>
<height>270</height>
<depth>3</depth>
</size>
<segmented>0</segmented>
<object>
<name>RockwoolPallet</name>
<pose>Unspecified</pose>
<truncated>0</truncated>
<occluded>0</occluded>
<difficult>0</difficult>
<bndbox>
<xmin>177</xmin>
<ymin>78</ymin>
<xmax>200</xmax>
<ymax>106</ymax>
</bndbox>
<bndbox>
<xmin>204</xmin>
<ymin>-1</ymin>
<xmax>214</xmax>
<ymax>13</ymax>
</bndbox>
</object>
</annotation>