<?xml version="1.0"?>
<annotation>
<folder>data</folder>
<filename>DJI_0011 0813.jpg</filename>
<path/>
<source>
<database>Unknown</database>
</source>
<size>
<width>480</width>
<height>270</height>
<depth>3</depth>
</size>
<segmented>0</segmented>
<object>
<name>RockwoolPallet</name>
<pose>Unspecified</pose>
<truncated>0</truncated>
<occluded>0</occluded>
<difficult>0</difficult>
<bndbox>
<xmin>108</xmin>
<ymin>78</ymin>
<xmax>153</xmax>
<ymax>129</ymax>
</bndbox>
<bndbox>
<xmin>253</xmin>
<ymin>25</ymin>
<xmax>268</xmax>
<ymax>49</ymax>
</bndbox>
</object>
</annotation>