<?xml version="1.0"?>
<annotation>
<folder>data</folder>
<filename>DJI_0011 0404.jpg</filename>
<path/>
<source>
<database>Unknown</database>
</source>
<size>
<width>480</width>
<height>270</height>
<depth>3</depth>
</size>
<segmented>0</segmented>
<object>
<name>RockwoolPallet</name>
<pose>Unspecified</pose>
<truncated>0</truncated>
<occluded>0</occluded>
<difficult>0</difficult>
<bndbox>
<xmin>234</xmin>
<ymin>1</ymin>
<xmax>245</xmax>
<ymax>23</ymax>
</bndbox>
<bndbox>
<xmin>302</xmin>
<ymin>111</ymin>
<xmax>329</xmax>
<ymax>144</ymax>
</bndbox>
</object>
</annotation>