<?xml version="1.0"?>
<annotation>
<folder>data</folder>
<filename>DJI_0011 0798.jpg</filename>
<path/>
<source>
<database>Unknown</database>
</source>
<size>
<width>480</width>
<height>270</height>
<depth>3</depth>
</size>
<segmented>0</segmented>
<object>
<name>RockwoolPallet</name>
<pose>Unspecified</pose>
<truncated>0</truncated>
<occluded>0</occluded>
<difficult>0</difficult>
<bndbox>
<xmin>258</xmin>
<ymin>25</ymin>
<xmax>271</xmax>
<ymax>45</ymax>
</bndbox>
<bndbox>
<xmin>191</xmin>
<ymin>63</ymin>
<xmax>222</xmax>
<ymax>101</ymax>
</bndbox>
</object>
</annotation>