<?xml version="1.0"?>
<annotation>
<folder>data</folder>
<filename>DJI_0011 0822.jpg</filename>
<path/>
<source>
<database>Unknown</database>
</source>
<size>
<width>480</width>
<height>270</height>
<depth>3</depth>
</size>
<segmented>0</segmented>
<object>
<name>RockwoolPallet</name>
<pose>Unspecified</pose>
<truncated>0</truncated>
<occluded>0</occluded>
<difficult>0</difficult>
<bndbox>
<xmin>66</xmin>
<ymin>109</ymin>
<xmax>134</xmax>
<ymax>186</ymax>
</bndbox>
<bndbox>
<xmin>264</xmin>
<ymin>26</ymin>
<xmax>280</xmax>
<ymax>51</ymax>
</bndbox>
</object>
</annotation>