<?xml version="1.0"?>
<annotation>
<folder>data</folder>
<filename>DJI_0011 0405.jpg</filename>
<path/>
<source>
<database>Unknown</database>
</source>
<size>
<width>480</width>
<height>270</height>
<depth>3</depth>
</size>
<segmented>0</segmented>
<object>
<name>RockwoolPallet</name>
<pose>Unspecified</pose>
<truncated>0</truncated>
<occluded>0</occluded>
<difficult>0</difficult>
<bndbox>
<xmin>229</xmin>
<ymin>1</ymin>
<xmax>239</xmax>
<ymax>21</ymax>
</bndbox>
<bndbox>
<xmin>289</xmin>
<ymin>109</ymin>
<xmax>314</xmax>
<ymax>141</ymax>
</bndbox>
</object>
</annotation>