<?xml version="1.0"?>
<annotation>
<folder>data</folder>
<filename>DJI_0011 0442.jpg</filename>
<path/>
<source>
<database>Unknown</database>
</source>
<size>
<width>480</width>
<height>270</height>
<depth>3</depth>
</size>
<segmented>0</segmented>
<object>
<name>RockwoolPallet</name>
<pose>Unspecified</pose>
<truncated>0</truncated>
<occluded>0</occluded>
<difficult>0</difficult>
<bndbox>
<xmin>243</xmin>
<ymin>18</ymin>
<xmax>252</xmax>
<ymax>34</ymax>
</bndbox>
<bndbox>
<xmin>216</xmin>
<ymin>83</ymin>
<xmax>236</xmax>
<ymax>108</ymax>
</bndbox>
</object>
</annotation>