<?xml version="1.0"?>
<annotation>
<folder>data</folder>
<filename>DJI_0011 0429.jpg</filename>
<path/>
<source>
<database>Unknown</database>
</source>
<size>
<width>480</width>
<height>270</height>
<depth>3</depth>
</size>
<segmented>0</segmented>
<object>
<name>RockwoolPallet</name>
<pose>Unspecified</pose>
<truncated>0</truncated>
<occluded>0</occluded>
<difficult>0</difficult>
<bndbox>
<xmin>205</xmin>
<ymin>4</ymin>
<xmax>217</xmax>
<ymax>24</ymax>
</bndbox>
<bndbox>
<xmin>171</xmin>
<ymin>104</ymin>
<xmax>198</xmax>
<ymax>135</ymax>
</bndbox>
</object>
</annotation>