<?xml version="1.0"?>
<annotation>
<folder>data</folder>
<filename>DJI_0011 0774.jpg</filename>
<path/>
<source>
<database>Unknown</database>
</source>
<size>
<width>480</width>
<height>270</height>
<depth>3</depth>
</size>
<segmented>0</segmented>
<object>
<name>RockwoolPallet</name>
<pose>Unspecified</pose>
<truncated>0</truncated>
<occluded>0</occluded>
<difficult>0</difficult>
<bndbox>
<xmin>66</xmin>
<ymin>32</ymin>
<xmax>81</xmax>
<ymax>54</ymax>
</bndbox>
<bndbox>
<xmin>203</xmin>
<ymin>66</ymin>
<xmax>235</xmax>
<ymax>105</ymax>
</bndbox>
</object>
</annotation>