<?xml version="1.0"?>
<annotation>
<folder>data</folder>
<filename>DJI_0011 0457.jpg</filename>
<path/>
<source>
<database>Unknown</database>
</source>
<size>
<width>480</width>
<height>270</height>
<depth>3</depth>
</size>
<segmented>0</segmented>
<object>
<name>RockwoolPallet</name>
<pose>Unspecified</pose>
<truncated>0</truncated>
<occluded>0</occluded>
<difficult>0</difficult>
<bndbox>
<xmin>242</xmin>
<ymin>102</ymin>
<xmax>253</xmax>
<ymax>119</ymax>
</bndbox>
<bndbox>
<xmin>214</xmin>
<ymin>181</ymin>
<xmax>235</xmax>
<ymax>210</ymax>
</bndbox>
</object>
</annotation>