<?xml version="1.0"?>
<annotation>
<folder>data</folder>
<filename>DJI_0011 0402.jpg</filename>
<path/>
<source>
<database>Unknown</database>
</source>
<size>
<width>480</width>
<height>270</height>
<depth>3</depth>
</size>
<segmented>0</segmented>
<object>
<name>RockwoolPallet</name>
<pose>Unspecified</pose>
<truncated>0</truncated>
<occluded>0</occluded>
<difficult>0</difficult>
<bndbox>
<xmin>243</xmin>
<ymin>2</ymin>
<xmax>254</xmax>
<ymax>24</ymax>
</bndbox>
<bndbox>
<xmin>327</xmin>
<ymin>116</ymin>
<xmax>355</xmax>
<ymax>149</ymax>
</bndbox>
</object>
</annotation>