<?xml version="1.0"?>
<annotation>
<folder>data</folder>
<filename>DJI_0011 0432.jpg</filename>
<path/>
<source>
<database>Unknown</database>
</source>
<size>
<width>480</width>
<height>270</height>
<depth>3</depth>
</size>
<segmented>0</segmented>
<object>
<name>RockwoolPallet</name>
<pose>Unspecified</pose>
<truncated>0</truncated>
<occluded>0</occluded>
<difficult>0</difficult>
<bndbox>
<xmin>205</xmin>
<ymin>0</ymin>
<xmax>216</xmax>
<ymax>17</ymax>
</bndbox>
<bndbox>
<xmin>174</xmin>
<ymin>88</ymin>
<xmax>199</xmax>
<ymax>117</ymax>
</bndbox>
</object>
</annotation>