<?xml version="1.0"?>
<annotation>
<folder>data</folder>
<filename>DJI_0011 0428.jpg</filename>
<path/>
<source>
<database>Unknown</database>
</source>
<size>
<width>480</width>
<height>270</height>
<depth>3</depth>
</size>
<segmented>0</segmented>
<object>
<name>RockwoolPallet</name>
<pose>Unspecified</pose>
<truncated>0</truncated>
<occluded>0</occluded>
<difficult>0</difficult>
<bndbox>
<xmin>206</xmin>
<ymin>5</ymin>
<xmax>218</xmax>
<ymax>25</ymax>
</bndbox>
<bndbox>
<xmin>171</xmin>
<ymin>108</ymin>
<xmax>197</xmax>
<ymax>139</ymax>
</bndbox>
</object>
</annotation>