<?xml version="1.0"?>
<annotation>
<folder>data</folder>
<filename>DJI_0011 0422.jpg</filename>
<path/>
<source>
<database>Unknown</database>
</source>
<size>
<width>480</width>
<height>270</height>
<depth>3</depth>
</size>
<segmented>0</segmented>
<object>
<name>RockwoolPallet</name>
<pose>Unspecified</pose>
<truncated>0</truncated>
<occluded>0</occluded>
<difficult>0</difficult>
<bndbox>
<xmin>192</xmin>
<ymin>165</ymin>
<xmax>220</xmax>
<ymax>198</ymax>
</bndbox>
<bndbox>
<xmin>222</xmin>
<ymin>63</ymin>
<xmax>233</xmax>
<ymax>83</ymax>
</bndbox>
</object>
</annotation>