<?xml version="1.0"?>
<annotation>
<folder>data</folder>
<filename>DJI_0011 0788.jpg</filename>
<path/>
<source>
<database>Unknown</database>
</source>
<size>
<width>480</width>
<height>270</height>
<depth>3</depth>
</size>
<segmented>0</segmented>
<object>
<name>RockwoolPallet</name>
<pose>Unspecified</pose>
<truncated>0</truncated>
<occluded>0</occluded>
<difficult>0</difficult>
<bndbox>
<xmin>153</xmin>
<ymin>29</ymin>
<xmax>166</xmax>
<ymax>49</ymax>
</bndbox>
<bndbox>
<xmin>172</xmin>
<ymin>70</ymin>
<xmax>203</xmax>
<ymax>109</ymax>
</bndbox>
</object>
</annotation>