<?xml version="1.0"?>
<annotation>
<folder>data</folder>
<filename>DJI_0011 0975.jpg</filename>
<path/>
<source>
<database>Unknown</database>
</source>
<size>
<width>480</width>
<height>270</height>
<depth>3</depth>
</size>
<segmented>0</segmented>
<object>
<name>RockwoolPallet</name>
<pose>Unspecified</pose>
<truncated>0</truncated>
<occluded>0</occluded>
<difficult>0</difficult>
<bndbox>
<xmin>395</xmin>
<ymin>3</ymin>
<xmax>419</xmax>
<ymax>38</ymax>
</bndbox>
<bndbox>
<xmin>88</xmin>
<ymin>185</ymin>
<xmax>159</xmax>
<ymax>263</ymax>
</bndbox>
</object>
</annotation>