<?xml version="1.0"?>
<annotation>
<folder>data</folder>
<filename>DJI_0011 0812.jpg</filename>
<path/>
<source>
<database>Unknown</database>
</source>
<size>
<width>480</width>
<height>270</height>
<depth>3</depth>
</size>
<segmented>0</segmented>
<object>
<name>RockwoolPallet</name>
<pose>Unspecified</pose>
<truncated>0</truncated>
<occluded>0</occluded>
<difficult>0</difficult>
<bndbox>
<xmin>252</xmin>
<ymin>25</ymin>
<xmax>267</xmax>
<ymax>47</ymax>
</bndbox>
<bndbox>
<xmin>112</xmin>
<ymin>75</ymin>
<xmax>155</xmax>
<ymax>127</ymax>
</bndbox>
</object>
</annotation>